연 번,기 능,설 치 장 소,위도,경도,연 락 처
1,다기능,천안시 서북구 충무로 일봉산사거리(천안충무병원 앞),36.7973471,127.1315479,041-336-2253
2,과속,천안시 동남구 광덕면 광풍로 1021 광풍중학교 앞,36.7151964,127.1161464,041-336-2253
3,다기능,계룡시 계룡대로 금암동 463 문예공원사거리,36.2691512,127.2591705,041-336-2253
4,다기능,공주시 우금티로 E편한세상 앞 교차로,36.442977,127.124808,041-336-2253
5,다기능,보령시 주포면 충서로 관산사거리,36.4025303,126.570263,041-336-2253
6,다기능,당진시 북문로 15 푸르지오@ 사거리,36.8936109,126.6283278,041-336-2253
7,다기능,홍성군 갈산면 내포로 동산사거리,36.5994289,126.5819159,041-336-2253
8,과속,예산군 고덕면 내석곡리 GS고덕한빛주유소 100m 후방,,,041-336-2253
9,과속,부여군 석성면 대백제로 사비문 논산방면,36.2530438,126.9812949,041-336-2253
10,과속,서천군 장항읍 장산로 산업단지삼거리(하구둑→장항읍),36.0041215,126.7160295,041-336-2253
11,과속,청양군 정산면 충의로 청양IC 입구,36.4115478,126.9449627,041-336-2253
12,다기능,예산군 예산읍 발연로 발연네거리(예산→아산),36.6982391,126.8319505,041-336-2253
13,과속,"태안군 원북면 이곡2길 7-4, 농협창고 앞",36.8534184,126.2352807,041-336-2253
14,다기능,"아산시 문화로 터미널앞사거리 (모종동, 동신사거리→시청)",36.7785204,127.0193207,041-336-2253
15,다기능,아산시 음봉면 음봉로 태헌장미@ 앞,36.8297933,127.0967007,041-336-2253
16,다기능,아산시 배방읍 고속철대로 Y-시티아파트 108동 앞 단일로(아산→천안),36.797548,127.108605,041-336-2253
17,과속,보령시 주산면 충서로 주산초등학교 앞(보령→서천),36.1993615,126.634401,041-336-2253
18,다기능,예산군 삽교읍 두리길 떼말교차로,36.6931028,126.7464042,041-336-2253
19,다기능,아산 탕정면 삼성로 삼성고 4가(탕정면사무소→삼성디스플레이),36.8210753,127.0795038,041-336-2253
20,다기능,서산시 석남동 양열로 석지사거리(해미→태안),36.7611734,126.4618682,041-336-2253
21,다기능,서산시 석남동 양열로 석지사거리(태안→해미),36.7611734,126.4618682,041-336-2253
22,다기능,아산 도고면 온천대로 와산삼거리,36.7540499,126.8963275,041-336-2253
23,다기능,아산시 모종동 문화로 터미널 앞 교차로(박물관4가→동신4가),36.7839641,127.0169875,041-336-2253
24,다기능,아산 염치읍 충무로 방수사거리,36.8125716,127.0048767,041-336-2253
25,다기능,아산 음봉면 음봉로 삼거교차로,36.8500468,127.0201461,041-336-2253
26,다기능,천안시 서북구 성거읍 망향로 석교교차로,36.8702461,127.1967794,041-336-2253
27,과속,천안시 서북구 입장 망향로 시장교차로 전,36.9012313,127.2183537,041-336-2253
28,과속,천안시 서북구 성거읍 봉주로 천안인애학교 앞,36.8792886,127.1718032,041-336-2253
29,다기능,천안시 동남구 망향로 상명대 앞 삼거리,36.8316982,127.1717597,041-336-2253
30,과속,"천안시 동남구 성남면 남부대로 화성교차로 600m전(화성리41-2, 병천→천안)",36.7564718,127.2641866,041-336-2253
31,다기능,서산시 성연면 백제신사로 성연교차로,36.8443085,126.4752605,041-336-2253
32,과속,태안군 남면 천수만로 당암포구 입구,36.622058,126.354035,041-336-2253
33,과속,서산시 성연면 충의로 오스카빌 앞,36.843975,126.445327,041-336-2253
34,과속,태안군 서해로 장산교차로 200m 전,36.7568157,126.2764765,041-336-2253
35,다기능,아산시 송악면 송악로 강장4가(예산→아산),36.7020563,126.9544402,041-336-2253
36,과속,아산 배방 세교리 온천대로 세교지하차도 입구 앞,36.7760449,127.0611784,041-336-2253
37,과속,아산 둔포 장영실로 (주)하이코리아 건너편,36.908921,127.0055963,041-336-2253
38,다기능,논산시 지산동 계백로 계백교차로,36.2126573,127.1482578,041-336-2253
39,과속,논산시 부적면 계백로 반송리 입구,36.2126573,127.1482578,041-336-2253
40,과속,논산시 연무읍 득안대로 연무초등학교 앞,36.1174202,127.0972523,041-336-2253
41,다기능,공주시 주미동 우금티로 오곡교차로,36.4197319,127.0995171,041-336-2253
42,과속,공주시 석장리동 금벽로 LPG충전소 앞,36.4462803,127.1905321,041-336-2253
43,과속,공주시 정안면 정안세종로 덕학IC교 후방,36.6085712,127.1201175,041-336-2253
44,다기능,보령시 신흑동 대해로 됫박산교차로,36.3090686,126.5231588,041-336-2253
45,과속,보령시 보령북로 230 무궁화어린이집 앞(대천동),,,041-336-2253
46,과속,보령시 주포면 충서로 주포사거리,36.4165567,126.5852334,041-336-2253
47,다기능,당진 송악 북부산업로 고대교차로,36.9807687,126.737648,041-336-2253
48,과속,당진시 합덕읍 남부로 하운회관 앞,36.8145233,126.7534762,041-336-2253
49,과속,당진 합덕 예덕로 원석우리 입구,36.7984731,126.7521948,041-336-2253
50,다기능,홍성군 금마면 충서로 장성3가,36.6171677,126.7128769,041-336-2253
51,과속,홍성군 광천읍 충서로 이마트24 편의점 앞,36.5212423,126.6242234,041-336-2253
52,과속,홍성군 홍성읍 도청대로 홍성여중 앞,36.60762,126.662678,041-336-2253
53,다기능,"예산군 예산읍 벚꽃로 신례원역 입구(신례원리 232-10, 아산→예산)",36.725288,126.8477757,041-336-2253
54,과속,예산군 신양면 불원귀곡길 불원교차로 200m후방,36.622615,126.874521,041-336-2253
55,다기능,부여군 옥산면 수암리 대백제로 수암1교차로,36.1943639,126.7414186,041-336-2253
56,과속,부여군 홍산면 좌홍리 대백제로 좌홍교차로,36.2127467,126.7751187,041-336-2253
57,다기능,서천군 한산면 충절로 지현3가,36.0936359,126.8155043,041-336-2253
58,과속,서천군 기산면 정산로 광암삼거리 500m 전,36.0735737,126.7857231,041-336-2253
59,과속,서천군 서천읍 사곡로 한국농어촌공사 서천지사,36.0824126,126.6995042,041-336-2253
60,다기능,금산 금산읍 삼풍로 하옥사거리,36.0930003,127.4905996,041-336-2253
61,과속,금산 금산읍 무금로 삼풍삼거리 전방 버스정류장(신대리 303-13),36.0927506,127.5047649,041-336-2253
62,과속,금산 남일면 음대리 29-1(금산로 303 돌모랭이 버스정류장 전방),36.0089998,127.5110396,041-336-2253
63,과속,청양군 남양면 충절로 온직리 3구 마을회관 앞(부여→청양),,,041-336-2253
64,과속,청양군 대치면 광대리 칠갑산로 칠갑대교,36.4392806,126.8460688,041-336-2253
65,과속,천안논산고속도로 242.1km 천안방면(충남 공주 우성),36.7373536,127.1567214,041-336-2253
66,다기능,서산시 대산읍 충의로 농협하나로마트 삼거리(당진→서산),36.9906407,126.424532,041-336-2253
67,다기능,서산시 대산읍 충의로 농협하나로마트 삼거리(서산→당진),36.942018,126.4287068,041-336-2253
68,다기능,논산시 덕지동 강변로 덕지4가(논산대교 방향),36.2119512,127.090968,041-336-2253
69,다기능,보령시 청소면 충서로 진죽4가(보령→홍성),36.454552,126.594039,041-336-2253
70,다기능,홍성 갈산면 내포로 상촌교차로,36.6028113,126.5475654,041-336-2253
71,과속,천안시 서북구 번영로 불당아이파크 앞,36.8084977,127.1090869,041-336-2253
72,과속,천안시 서북구 부대동 삼성대로 목양교회 옆,36.8369322,127.145918,041-336-2253
73,다기능,천안시 동남구 병천면 매봉로 만화교차로,36.7461579,127.3153973,041-336-2253
74,과속,천안시 동남구 동면 충절로 반계마을 앞,,,041-336-2253
75,다기능,논산시 연무읍 득안대로 동산사거리,36.1309612,127.1058298,041-336-2253
76,다기능,서산시 충의로 예천현대아파트 입구,36.77497,126.438545,041-336-2253
77,다기능,서산시 지곡면 충의로 화천교차로(화천슈퍼),36.8776094,126.4399575,041-336-2253
78,다기능,서산시 지곡면 충의로 대요교차로,36.8690304,126.4399316,041-336-2253
79,과속,예산군 예산읍 벚꽃로 간양2리 교차로,36.726552,126.867532,041-336-2253
80,과속,예산군 대술면 대술동로 장복2교앞,36.682866,126.928188,041-336-2253
81,다기능,부여군 홍산면 남촌리 대백제로 남촌사거리,36.2105012,126.7605275,041-336-2253
82,다기능,서천군 서천읍 대백제로 오석교회 진입 단일교차로,36.0953643,126.685053,041-336-2253
83,다기능,천안시 서북구 성환읍 천안대로 안궁기사식당 앞,,,041-336-2253
84,다기능,천안시 서북구 신당동 천안대로 천안공대사거리,36.8498197,127.1553334,041-336-2253
85,다기능,천안시 동남구 망향로 189 단대병원삼거리,36.8401665,127.1739004,041-336-2253
86,다기능,아산시 탕정면 삼성로 아름타운3가(탕정→천안),36.81785,127.068565,041-336-2253
87,다기능,아산시 탕정면 삼성로 아름타운3가(현충사방향),36.81785,127.068565,041-336-2253
88,다기능,아산시 도고면 온천대로 시전사거리,36.7495216,126.8872232,041-336-2253
89,다기능,아산시 염치읍 충절로 중방교차로(강청리 54-4),36.8197742,126.9479689,041-336-2253
90,과속,당진시 송악읍 송악로 가학리 49-13(당진↔서산),36.9239852,126.7143612,041-336-2253
91,과속,당진시 원당동 서해로 원당주공아파트 앞,36.9027198,126.6432917,041-336-2253
92,다기능,"태안군 태안읍 동평로 16, 천월교차로(동문리, 서산→태안)",36.747503,126.3098333,041-336-2253
93,다기능,"태안군 태안읍 동평로 16, 천월교차로(동문리, 태안→서산)",36.747503,126.3098333,041-336-2253
94,다기능,태안군 남면 안면대로 곰섬삼거리(남면→안면),36.612695,126.31406,041-336-2253
95,다기능,태안군 태안읍 서해로 평천4리 마을회관,36.761538,126.330746,041-336-2253
96,다기능,태안군 태안읍 원이로 무내교차로,36.7759433,126.2806059,041-336-2253
97,과속,천안시 서북구 성환읍 천안대로 2520-1 럭키주유소 앞,36.9624375,127.1250625,041-336-2253
98,과속,태안군 태안읍 태흥로 삭선2교차로,36.7575758,126.2963338,041-336-2253
99,다기능,아산시 배방읍 온천대로 배방역사거리(천안→아산),36.77754,127.052751,041-336-2253
100,다기능,아산시 배방읍 온천대로 배방역사거리(아산→천안),36.77754,127.052751,041-336-2253
101,다기능,계룡시 두마면 팥거리2길 두마초병설유치원 앞,36.2671706,127.2735515,041-336-2253
102,다기능,계룡시 두마면 팥거리2길 포스코@ 앞,36.2671706,127.2735515,041-336-2253
103,다기능,홍성 갈산면 내포로1301번길 부기교차로(홍성→서산),36.6120323,126.5447599,041-336-2253
104,다기능,홍성 갈산면 내포로1301번길 부기교차로(서산→홍성),36.6120323,126.5447599,041-336-2253
105,다기능,홍성 갈산면 갈산서길250번길 산직2교차로(갈산→서부),36.6192313,126.5345425,041-336-2253
106,다기능,홍성 갈산면 갈산서길250번길 산직2교차로(서부→갈산),36.6192313,126.5345425,041-336-2253
107,다기능,홍성 홍북면 충남대로 산수교차로(내포→예산),36.657497,126.670618,041-336-2253
108,다기능,홍성 홍북면 충남대로 산수교차로(예산→내포),36.6507529,126.7228528,041-336-2253
109,다기능,홍성 홍북면 도청대로 신리체육공원 4가,36.6303628,126.6650714,041-336-2253
110,다기능,홍성 광천읍 충서로 단아래사거리(홍성→보령),36.504491,126.6171169,041-336-2253
111,과속,홍성 홍북면 홍덕서로 홍천문화마을 앞(홍주종합경기장→수덕사),36.6066914,126.6438645,041-336-2253
112,과속,홍성 홍북면 홍덕서로 홍천문화마을 앞(수덕사→홍주종합경기장),36.6629427,126.6225853,041-336-2253
113,과속,보령시 보령북로 139(한국중부발전 부근),36.3544578,126.5909572,041-336-2253
114,과속,천안시 서북구 직산읍 성진로 348 한국타이어 앞,36.9077878,127.1710106,041-336-2253
115,다기능,천안시 서북구 성거읍 망향로 345 육영아파트입구3가,36.8519866,127.1816364,041-336-2253
116,과속,천안시 동남구 천안대로 방죽다리 진입 전 100m,36.8248506,127.1582783,041-336-2253
117,과속,천안시 동남구 남부대로 벽산@입구 3가,,,041-336-2253
118,과속,천안시 동남구 충무로 천안일봉초등학교 정문 옆,36.798799,127.139986,041-336-2253
119,다기능,천안시 동남구 매봉로 송정3교차로,,,041-336-2253
120,과속,태안군 근흥면 근흥로 국방과학연구소 부근,36.7284578,126.2268531,041-336-2253
121,과속,서산시 고북면 내포로 날새교차로,36.6847846,126.536192,041-336-2253
122,과속,서산시 팔봉면 서해로 수원낚시할인마트 앞,36.7746205,126.3571905,041-336-2253
123,과속,아산 초사동 순천향로 초사교회 4가,36.7429233,126.9807446,041-336-2253
124,과속,아산 송악면 외암로 송학2리 마을회관 앞,36.6827,126.990737,041-336-2253
125,다기능,"아산시 배방읍 광장로 휴먼시아3단지 4가(장재리 1207, 천안→아산)",36.7967517,127.1091731,041-336-2253
126,과속,당진 무수동로 당진문예의전당교차로 전,36.8901113,126.638049,041-336-2253
127,과속,당진 고대면 대호만로 당진공설운동장 입구,36.9682595,126.5844504,041-336-2253
128,과속,홍성 광천읍 충서로 벽계경찰초소 앞,36.533023,126.629099,041-336-2253
129,과속,홍성 은하면 홍남로 화봉삼거리,36.514656,126.5888971,041-336-2253
130,다기능,홍성 금마면 충서로 내기사거리,36.618819,126.710297,041-336-2253
131,과속,"논산시 부적면 충곡리 22-18, 딸기향 농촌테마공원(계룡→논산)",36.1905847,127.1689004,041-336-2253
132,과속,"논산시 연무읍 동안로 NS테크 앞 삼거리(안심리 498-23, 강경→연무)",36.1402466,127.0894297,041-336-2253
133,과속,공주시 신풍면 동원리 193-2번지(산정교차로),36.5131904,126.9631666,041-336-2253
134,과속,공주시 유구읍 차동로 녹천2교차로,36.580298,126.938128,041-336-2253
135,다기능,공주시 정안면 활원길 37 운궁교차로,36.5829693,127.1174038,041-336-2253
136,과속,보령시 청소면 충서로 재정삼거리,36.4609127,126.599703,041-336-2253
137,과속,보령시 남포면 보령남로 243 앞,36.3237795,126.6034382,041-336-2253
138,다기능,보령시 대해로 터미널사거리(해수욕장→시내),36.3420658,126.5908737,041-336-2253
139,과속,예산군 신양면 차동로 차동1교차로,36.6128221,126.8855487,041-336-2253
140,과속,예산군 삽교읍 신리안치길 송산삼거리 부근,36.6855452,126.6801846,041-336-2253
141,다기능,예산군 오가면 역탑리 충서로 오가사거리(오가오거리),36.6848891,126.8073159,041-336-2253
142,과속,부여군 세도면 부흥로 과적검문소 앞,36.1639912,126.9614642,041-336-2253
143,과속,부여군 부여읍 대백제로 부여교차로,36.2666359,126.9067897,041-336-2253
144,과속,서천군 한산면 충절로 동산리 297-3,36.0890425,126.8165979,041-336-2253
145,과속,서천군 서면 주원로 2 앞,36.1551286,126.5717681,041-336-2253
146,과속,금산 금성면 진산로 도곡4가 앞,36.1243652,127.4661283,041-336-2253
147,과속,금산군 금산읍 중도리 205-6 대어도횟집 앞(금산→대전),,,041-336-2253
148,과속,청양군 정산면 칠갑산로 1992-25 인근,36.4074431,126.957685,041-336-2253
149,과속,청양군 화성면 대청로 화성3교 인근,36.4233359,126.7155817,041-336-2253
150,다기능,천안시 서북구 차암동 4산단로 삼성SDI 동문 앞,36.8582911,127.1212044,041-336-2253
151,다기능,천안시 서북구 입장면 망향로 상장교차로,36.9138688,127.2306855,041-336-2253
152,다기능,천안시 서북구 성환읍 천안대로 대홍삼거리,36.9485018,127.1323885,041-336-2253
153,다기능,천안시 동남구 목천읍 천안대로 삼성1리 육교앞 3가,36.758417,127.171628,041-336-2253
154,과속,천안시 동남구 수신면 수신로 739 (주)오스템 전방 50m지점,36.7553058,127.2932116,041-336-2253
155,과속,천안시 동남구 천안대로 683 유량육교 앞(원성동),36.8092086,127.1641881,041-336-2253
156,과속,천안시 동남구 신방동 남부대로 동일하이빌@ 105동 앞,36.7811204,127.1520287,041-336-2253
157,다기능,서산시 성연면 성연3로 성연초등학교 앞 교차로 (서산→왕정리),36.8240072,126.4488732,041-336-2253
158,다기능,서산시 성연면 성연3로 성연초등학교 앞 교차로 (왕정리→서산),36.8240072,126.4488732,041-336-2253
159,다기능,아산 탕정면 갈산리 한내교차로(탕정→배방),36.7902418,127.0540115,041-336-2253
160,다기능,아산 탕정면 갈산리 한내교차로(배방→탕정),36.78827,127.084638,041-336-2253
161,다기능,아산 둔포면 충무로 봉재2리 마을 입구,36.87762,127.029527,041-336-2253
162,다기능,아산 탕정면 갈산1교차로,,,041-336-2253
163,다기능,아산 방축동 온천대로 방축4거리,36.7759217,126.9830581,041-336-2253
164,다기능,예산군 고덕면 대천리 예덕로 별암미사거리,36.7570255,126.702956,041-336-2253
165,다기능,예산군 고덕면 몽곡리 예덕로 예당교차로,36.7724694,126.709,041-336-2253
166,과속,예산군 신암면 황금뜰로 별리2구 마을회관 앞,36.734308,126.757988,041-336-2253
167,다기능,서산시 석림동 서해로 석림사거리(태안→당진),36.7752611,126.4642912,041-336-2253
168,다기능,서산시 해미면 대곡리 원터로 원터교차로,36.685524,126.5794491,041-336-2253
169,다기능,아산시 음봉면 충무로 엘림파크 앞(아산→평택),36.8497039,127.0174723,041-336-2253
170,다기능,아산시 배방읍 배방로 배방중학교 4가(삼성전자→월천지구),36.770528,127.070303,041-336-2253
171,과속,아산시 풍기동 남부로 아산아이파크@앞(경찰서→용화동),36.7728544,127.0179321,041-336-2253
172,다기능,천안시 서북구 쌍용동 서부대로 천안컨벤션센터 앞,36.80446,127.127808,041-336-2253
173,다기능,천안시 서북구 쌍용동 불당대로 일봉산사거리(일봉초→쌍용사거리),36.7979089,127.1304206,041-336-2253
174,다기능,천안시 동남구 병천면 충절로 1872 병천중고교 앞(삼거리),36.7637465,127.3124367,041-336-2253
175,다기능,천안시 동남구 신방동 남부대로 새말사거리,36.786077,127.1286433,041-336-2253
176,다기능,아산시 읍내동 외암대로 읍내주공@ 앞 (아산→공주),36.7626592,127.017496,041-336-2253
177,다기능,아산시 읍내동 외암대로 읍내주공@ 앞 (공주→아산),36.7626592,127.017496,041-336-2253
178,다기능,태안군 태안읍 서해로 두야교차로 (만리포→태안),36.7596485,126.2655053,041-336-2253
179,다기능,태안군 태안읍 서해로 두야교차로 (태안→만리포),36.7596485,126.2655053,041-336-2253
180,과속,당진 채운동 운학길 69 당진코아루@앞(서산→당진),36.8946598,126.6224177,041-336-2253
181,다기능,당진 석문면 대호만로 석문교차로 (당진→왜목마을),37.0468373,126.5277158,041-336-2253
182,다기능,당진 석문면 대호만로 석문교차로 (왜목마을→당진),37.0468373,126.5277158,041-336-2253
183,과속,서산시 음암면 백제사신로 탑곡교차로 부근,36.804148,126.5499765,041-336-2253
184,다기능,서산시 음암면 백제사신로 문양교차로 (성연→서산IC),36.8000302,126.5179911,041-336-2253
185,다기능,서산시 음암면 백제사신로 문양교차로 (서산IC→성연),36.8000302,126.5179911,041-336-2253
186,다기능,"아산 풍기동 온천대로 이마트 앞 1,2차로 (천안방면)",36.7767681,127.0217884,041-336-2253
187,다기능,아산 풍기동 온천대로 이마트 앞 (천안방면),36.7767681,127.0217884,041-336-2253
188,다기능,"아산 풍기동 온천대로 이마트 앞 1,2차로 (아산방면)",36.7767681,127.0217884,041-336-2253
189,다기능,아산 풍기동 온천대로 이마트 앞 (아산방면),36.7767681,127.0217884,041-336-2253
190,다기능,보령시 주교면 보령북로 충남정심원 앞,36.3762095,126.5849734,041-336-2253
191,다기능,보령시 화산동 대청로 화산교차로,36.360814,126.6184261,041-336-2253
192,다기능,아산시 배방읍 고속철대로 이마트트레이더스 4가(천안→아산),36.7964116,127.1058253,041-336-2253
193,과속,예산군 덕산면 외라리 수덕사로 수덕초등학교 앞,36.6399466,126.6046145,041-336-2253
194,과속,예산군 예산읍 관작리 벚꽃로 벚꽃3가,36.7089978,126.8462488,041-336-2253
195,과속,예산군 봉산면 황금뜰로 고도교차로,36.7478264,126.6895515,041-336-2253
196,과속,천안시 서북구 쌍용동 불당대로 용암사거리,36.7999792,127.1245411,041-336-2253
197,다기능,천안시 서북구 직산읍 천안대로 시름세삼거리(부영@입구),36.8938696,127.1367507,041-336-2253
198,다기능,천안시 서북구 서부대로 서부대로사거리,36.8136089,127.1299693,041-336-2253
199,다기능,천안시 서북구 쌍용동 불당대로 쌍용초사거리,36.8016289,127.1229342,041-336-2253
200,과속,천안시 동남구 광덕면 차령로 대평리 원덕리 진출부,36.6702202,127.1443707,041-336-2253
201,다기능,천안시 동남구 삼룡동 천안대로 삼룡사거리,36.788855,127.1648619,041-336-2253
202,다기능,보령시 요암동 대해로 삼현교차로 (해수욕장→대천IC),36.3333999,126.574931,041-336-2253
203,다기능,보령시 요암동 대해로 삼현교차로 (대천IC→해수욕장),36.3333999,126.574931,041-336-2253
204,다기능,보령시 내항동 대해로 대천여상 앞 (대천IC→대천역),36.341629,126.586692,041-336-2253
205,과속,보령시 내항동 대해로 대천여상 건너편 (대천역→대천IC),36.3333999,126.574931,041-336-2253
206,과속,보령시 요암동 대해로 대천산업단지 앞 (해수욕장→대천IC),36.3333999,126.574931,041-336-2253
207,다기능,천안시 서북구 번영로 천안시청 입구 4가,36.8151122,127.1138884,041-336-2253
208,다기능,천안시 서북구 두정동 천안대로 두정역 입구 4가,36.832553,127.151895,041-336-2253
209,다기능,천안시 동남구 청수로 125 천안구성초등학교 앞,36.7935346,127.1584104,041-336-2253
210,과속,천안시 동남구 광풍로 823,36.7013321,127.1028678,041-336-2253
211,다기능,서산시 예천동 남부순환로 석남교차로,36.766378,126.442062,041-336-2253
212,다기능,서산시 예천동 서해로 예천사거리(대산→당진),36.7727333,126.4418767,041-336-2253
213,다기능,아산 음봉로 음봉중학교 앞 3가,36.8428216,127.0672297,041-336-2253
214,과속,"아산시 온천대로 화합의마을 앞(금산삼거리 4가, 아산→예산)",36.1086928,127.4880712,041-336-2253
215,다기능,논산시 부창동 득안대로 부창사거리,36.1958419,127.0847745,041-336-2253
216,다기능,논산시 연산면 계백로 연산사거리,36.2105092,127.2183724,041-336-2253
217,과속,논산시 연산면 계백로 양지서당입구 앞,36.2380614,127.2173163,041-336-2253
218,다기능,공주시 금벽로 301 봉황중학교 3가(신관동),36.4752058,127.1225586,041-336-2253
219,다기능,보령시 대청로 신설사거리(대천시내→청양),36.3523148,126.608094,041-336-2253
220,과속,보령시 보령남로 221-5 보령판넬,,,041-336-2253
221,다기능,당진 송악읍 북부산업로 부곡교차로 앞,36.9451627,126.7833112,041-336-2253
222,과속,당진 서해로 당진산업단지 사거리 앞,36.902194,126.6842387,041-336-2253
223,다기능,홍성 홍북면 충남대로 도교육청사거리,,,041-336-2253
224,과속,예산군 신암면 추사로 신암치안센터 3가,36.7439656,126.8237294,041-336-2253
225,다기능,예산군 예산읍 벚꽃로 간양2리 입구 4가,36.726552,126.867532,041-336-2253
226,다기능,부여군 남면 송암리 27-3 송암교차로,36.2178518,126.8305417,041-336-2253
227,과속,부여군 부여읍 백제문로 정동2교차로(공주→재현단지),36.3019931,126.9264536,041-336-2253
228,과속,서천군 기산면 화산로 3 계촌교차로,36.0840176,126.7520856,041-336-2253
229,다기능,금산 복수면 대둔산로 신대교차로,36.2240381,127.3764681,041-336-2253
230,과속,금산 남이면 금산로 107 솔솔송어장 앞,36.0613065,127.4912862,041-336-2253
231,과속,청양군 운곡면 청신로 미량1리 마을입구,36.5300462,126.8434517,041-336-2253
232,과속,서천공주고속도로 28.2Km 서천방향(부여 은산면 내지리 746-22),36.2782334,126.8224625,041-336-2253
233,다기능,서산시 예천동 서해로 예천사거리(당진→대산),36.7727333,126.4418767,041-336-2253
234,다기능,"서산시 호수공원6로 예천푸르지오@ 앞(예천동, 서부지구대 앞)",36.7740388,126.4477095,041-336-2253
235,다기능,서산시 성연면 충의로 일람사거리(대산→서산),36.8193942,126.4400423,041-336-2253
236,다기능,서산시 대산읍 충의로 대산고 입구(서산→대산),,,041-336-2253
237,다기능,홍성군 홍성읍 충서로 한솔마트 앞,36.6045411,126.6597568,041-336-2253
238,과속,부여군 규암면 진변리 177-3 (규암종합운동장→신리사거리),36.2901674,126.8834433,041-336-2253
239,다기능,아산시 권곡동 곡교천로 충무4가 (한내대교→옥정5가),36.3503427,126.6015113,041-336-2253
240,다기능,아산시 득산동 온천대로 부영@ 앞 3가(예산→아산),36.7807329,126.9684826,041-336-2253
241,다기능,아산시 둔포면 충무로 산전4가 (음봉→둔포),36.930437,127.038507,041-336-2253
242,다기능,아산시 배방읍 곡교천로 배방1교차로 (염치→천안),36.77754,127.052751,041-336-2253
243,다기능,서천군 마서면 장천로 서천국민체육센터 앞 삼거리(마서→장항),36.0623764,126.6579273,041-336-2253
244,다기능,서천군 서천읍 대백제로 천산3차아파트 삼거리 (장항→서천),36.0953643,126.685053,041-336-2253
245,다기능,서산시 지곡면 백제사신로 무장교차로 (대산→성연),36.8634918,126.4368866,041-336-2253
246,다기능,서산시 지곡면 백제사신로 무장교차로 (성연→대산),36.8634918,126.4368866,041-336-2253
247,다기능,서산시 대산읍 충의로 반곡교차로 (당진→대산),36.989904,126.431664,041-336-2253
248,다기능,서산시 대산읍 충의로 반곡교차로 (대산→당진),36.989904,126.431664,041-336-2253
249,과속,당진시 송산면 무수리 현대제철로 무수교차로 300m후 (당진IC→송산산단),36.9547429,126.6739532,041-336-2253
250,과속,당진시 송산면 무수리 현대제철로 무수교차로 300m전 (송산산단→당진IC),36.9547429,126.6739532,041-336-2253
251,다기능,당진시 송악읍 반촌리 현대제철로 송악교차로 (당진IC→송산산단),36.8924733,126.7065979,041-336-2253
252,다기능,당진시 송악읍 반촌리 현대제철로 송악교차로 (송산산단→당진IC),36.8993674,126.7069639,041-336-2253
253,다기능,천안시 서북구 백석동 음봉로 자동차검사소 삼거리(음봉→백석동),36.8257384,127.1062277,041-336-2253
254,다기능,천안시 서북구 차암동 3공단6로 한화꿈에그린@ 정문 사거리,36.8397092,127.1198093,041-336-2253
255,다기능,천안시 서북구 불당동 불당19로 불당호반1차@ 입구 사거리,36.8168714,127.1100698,041-336-2253
256,다기능,천안시 동남구 병천면 매봉로 만화교차로(오창→병천),36.7461579,127.3153973,041-336-2253
257,다기능,"천안시 동남구 풍세로 용곡신도브래뉴 사거리(용곡동, 남부대로→풍세)",36.778362,127.1414446,041-336-2253
258,과속,"천안시 동남구 천안대로 도솔공원 입구(신부동, 천안로사거리→동서고가교)",36.8212955,127.1625557,041-336-2253
259,다기능,"아산시 모종로 캐슬어울림1단지@ 4가 신리초등학교 앞(모종동, 터미널→신리)",36.7834098,127.021151,041-336-2253
260,다기능,"아산시 모종로 캐슬어울림1단지@ 4가 신리초등학교 앞(모종동, 신리→터미널)",36.7834098,127.021151,041-336-2253
261,과속,아산시 신창면 서부남로 624 성보물류 앞 양방향(신창↔도고),36.7939613,126.9256627,041-336-2253
262,다기능,부여군 부여읍 쌍북리 성왕로 동부농협 사거리,36.2858855,126.9241202,041-336-2253
263,과속,부여군 임천면 만사리 충절로 부여전자고등학교 앞,36.176452,126.8917935,041-336-2253
264,과속,천안시 서북구 직산읍 상덕로 동보@ 앞,36.8699538,127.1192583,041-336-2253
265,다기능,천안시 서북구 불당동 불당22대로 지웰더샵 106동 뒤 사거리,36.813656,127.105311,041-336-2253
266,다기능,천안시 서북구 백석동 백석로 백석그린빌@뒤 횡단보도,36.823434,127.121024,041-336-2253
267,다기능,천안시 동남구 신방동 일봉로 성지새말@ 2차 삼거리,36.7941038,127.130004,041-336-2253
268,다기능,천안시 동남구 풍세면 보성리 광풍로 풍세교차로,36.7345554,127.1264782,041-336-2253
269,과속,보령시 성주면 성주산로 551 석탄박물관 200m전,36.3224743,126.6534385,041-336-2253
270,다기능,보령시 주교면 보령북로 충남정심원 입구 교차로(홍성→보령시내),36.3762095,126.5849734,041-336-2253
271,다기능,천안시 서북구 쌍용동 충무로 현대홈타운 입구4가,36.7903384,127.1217471,041-336-2253
272,과속,천안시 서북구 성거읍 봉주로 문덕리 입구3가,36.8732185,127.183443,041-336-2253
273,다기능,천안시 동남구 천안대로 602-1 구성삼거리,36.7987983,127.1644173,041-336-2253
274,과속,천안시 동남구 풍세면 용정리 산1-5,36.7490361,127.1031851,041-336-2253
275,과속,"아산시 탕정면 온천대로 봉강교 앞(매곡리, 천안→아산)",36.7783549,127.0834534,041-336-2253
276,과속,논산시 연산면 계백로 연산사거리 (논산방향),36.2105092,127.2183724,041-336-2253
277,과속,논산시 부적면 계백로 마구평 4가 (논산방향),36.2126573,127.1482578,041-336-2253
278,과속,공주시 웅진동 백제큰길 공주보 교차로 앞,36.462629,127.102287,041-336-2253
279,과속,보령시 대청로 신설사거리 (해수욕장 방향),36.3523148,126.608094,041-336-2253
280,과속,당진시 시곡동 서해로 당진산업단지 사거리 (당진방향),36.902194,126.6842387,041-336-2253
281,다기능,홍성군 장곡면 충절로 월계교차로,36.539251,126.7375475,041-336-2253
282,과속,예산군 덕산면 윤봉길로 계곡장모텔앞 4가,36.6833036,126.6249695,041-336-2253
283,과속,예산군 광시면 충절로 노전1 교차로,36.5381819,126.754011,041-336-2253
284,다기능,부여군 규암면 계백로 규암농협 사거리 앞,,,041-336-2253
285,과속,서천군 종천면 대백제로 지석교차로(부여방향),36.1201249,126.6906229,041-336-2253
286,과속,금산군 복수면 복수로 복수중학교 전방,36.1809879,127.3874126,041-336-2253
287,과속,청양군 청양읍 충절로 학당2교차로(청양장례식장 앞) 청양방향,36.4676653,126.7980171,041-336-2253
288,다기능,태안군 태안읍 서해로 화동교차로 앞,36.7531225,126.3213334,041-336-2253
289,다기능,서산시 성연면 성연4로 E편한세상@ 앞 교차로,36.8390535,126.460994,041-336-2253
290,다기능,논산시 강산동 득안대로 강산사거리 (소방서→부창4가),36.188954,127.0902186,041-336-2253
291,다기능,논산시 부창동 득안대로 부창사거리 (강산4가→대림@),36.1958419,127.0847745,041-336-2253
292,과속,"논산시 강경읍 강경로 고래젖갈상회 앞 (채산리, 채산육교→강경중)",36.1513187,127.011917,041-336-2253
293,과속,"논산시 강경읍 강경로 채산육교 앞 (채산리, 강경중→산양4가)",36.1513187,127.011917,041-336-2253
294,과속,"예산군 예산읍 충서로 정보화마을 입구(창소리, 홍성→아산)",36.7244745,126.8348386,041-336-2253
295,과속,예산군 대술면 대술로 궐곡리마을회관 입구(궐곡리),36.6874334,126.8982105,041-336-2253
296,다기능,"예산군 고덕면 예덕로 예덕교차로 4가(호음리, 합덕→고덕)",,,041-336-2253
297,다기능,"태안군 안면읍 안면대로 백사장사거리(창기리, 창기3→연육교3)",36.5821433,126.3262541,041-336-2253
298,다기능,"태안군 안면읍 안면대로 백사장사거리(창기리, 연육교3→창기3)",36.5821433,126.3262541,041-336-2253
299,다기능,"태안군 태안읍 안면대로 송남교차로(남산리, 남산교차로→남문교차로)",36.7253381,126.2841338,041-336-2253
300,다기능,"태안군 태안읍 안면대로 송남교차로(남산리, 남문교차로→남산교차로)",36.7253381,126.2841338,041-336-2253
301,구간,호남지선 45.1km(대전 유성 하기동) 논산방향 1차로 시점,36.390955,127.3313278,041-336-2253
302,구간,호남지선 45.1km(대전 유성 하기동) 논산방향 2차로 시점,36.390955,127.3313278,041-336-2253
303,구간,호남지선 39.0km(대전 유성 학하동) 논산방향 1차로 종점,36.3353606,127.3144753,041-336-2253
304,구간,호남지선 39.0km(대전 유성 학하동) 논산방향 2차로 종점,36.3353606,127.3144753,041-336-2253
305,구간,호남지선 41.6km(대전 유성 구암동) 회덕방향 1차로 시점,36.3535585,127.3211183,041-336-2253
306,구간,호남지선 41.6km(대전 유성 구암동) 회덕방향 2차로 시점,36.3535585,127.3211183,041-336-2253
307,구간,호남지선 49.5km(대전 유성 방현동) 회덕방향 1차로 종점,36.4097279,127.3642003,041-336-2253
308,구간,호남지선 49.5km(대전 유성 방현동) 회덕방향 2차로 종점,36.4097279,127.3642003,041-336-2253
309,다기능,보령시 주포면 충서로 충서교차로 (보령→광천),36.3460099,126.6012337,041-336-2253
310,다기능,보령시 요암동 대해로 육굴 입구 (시내→대천해수욕장),36.3055967,126.5160485,041-336-2253
311,다기능,금산군 제원면 금강로 원골교차로 (영동→금산),36.115417,127.591584,041-336-2253
312,다기능,"서천군 종천면 충서로 당정교차로(당정리, 서천→보령)",36.100003,126.654331,041-336-2253
313,다기능,"서천군 종천면 충서로 당정교차로(당정리, 보령→서천)",36.100003,126.654331,041-336-2253
314,다기능,아산시 둔포면 아산밸리남로 돌다리2교차로(석곡리),36.9183374,127.0565911,041-336-2253
315,과속,아산시 배방읍 고불로 수철리저수지 상류(수철리),36.7369887,127.0501332,041-336-2253
316,다기능,서산시 성연면 백제사신로 명천교차로(성연→지곡),36.831366,126.4999251,041-336-2253
317,다기능,서산시 석남동 양열로 세무서 사거리(잠홍동→예천동),36.7611734,126.4618682,041-336-2253
318,다기능,공주시 우성면 공수원로 방흥교차로(청양→공주),36.4709231,127.0497278,041-336-2253
319,다기능,공주시 우성면 공수원로 보흥교차로(청양→공주),36.4709231,127.0497278,041-336-2253
320,과속,"공주시 송선동 51-2, 송선5교(세종→공주)",36.4866696,127.1750359,041-336-2253
321,다기능,서산시 해미면 중앙로 옥거리교차로 해미방향(서산→해미),36.7802056,126.4568468,041-336-2253
322,다기능,서산시 읍내동 안견로 대산목교차로(경찰서 방향),36.7840211,126.4474772,041-336-2253
323,다기능,"태안군 소원면 서해로 신덕교차로(신덕리, 태안→만리포)",36.7590085,126.1968175,041-336-2253
324,다기능,"태안군 소원면 서해로 신덕교차로(신덕리, 만리포→태안)",36.7590085,126.1968175,041-336-2253
325,다기능,"천안시 서북구 불당23로 천안불무초등학교 앞 사거리(불당동, 수피아공원→천안시청)",36.8083197,127.106278,041-336-2253
326,과속,"천안시 동남구 수신면 수신로 해정1리 마을입구(해정리, 수신→전동)",36.7367684,127.2852642,041-336-2253
327,다기능,"천안시 동남구 충무로 일봉육교 앞 교차로(다가동, 일봉산사거리→천안고가교)",36.7952778,127.1375,041-336-2253
328,과속,"부여군 내산면 대숲길 운치교차로 전(운치리 256-1, 외산→부여)",36.2756466,126.7884112,041-336-2253
329,과속,"부여군 규암면 충절로 부여레미콘 앞(모리 379, 은산↔부여)",36.2967705,126.8681537,041-336-2253
330,과속,"부여군 장암면 충절로 장암교차로 전(석동리 786-21, 규암→장암)",36.2481191,126.8779435,041-336-2253
331,과속,"부여군 부여읍 백제문화로 용정리회관 앞(용정리, 공주→부여)",36.295383,126.936697,041-336-2253
332,과속,"부여군 양화면 충절로 벽룡사거리 앞(벽용리 177-6, 양화→서천)",36.1212839,126.8457487,041-336-2253
333,과속,"부여군 규암면 대백제로 부여대교 전(내리, 서천→부여)",36.0803312,126.6913277,041-336-2253
334,과속,"보령시 남포면 충서로 옥서리 213-13(구.철길건널목 인근, 보령→서천)",36.299049,126.60254,041-336-2253
335,과속,"보령시 남포면 충서로 옥서리 206(구.철길건널목 인근, 서천→보령)",36.299049,126.60254,041-336-2253
336,다기능,"보령시 대천항로 235 청파초등학교 앞(신흑동, 해수욕장→대천항)",36.3183173,126.511493,041-336-2253
337,다기능,보령시 주포면 충서로 주포사거리(광천→보령),36.4165567,126.5852334,041-336-2253
338,과속,보령시 남포면 달산리 755(죽도→달산삼거리),36.2973767,126.589375,041-336-2253
339,과속,"서산시 인지면 모월리 446-364, 모월저수지 부근(양대동→모월사거리)",36.728342,126.4373508,041-336-2253
340,과속,"서산시 인지면 모월리 446-380, 모월저수지 부근(모월사거리→양대동)",36.728342,126.4373508,041-336-2253
341,다기능,천안시 서북구 천안대로 공주대 천안캠퍼스 입구(평택→천안),36.8511811,127.1511352,041-336-2253
342,다기능,천안시 서북구 불당대로 원형육교 사거리(갤러리아백화점→쌍용도서관3가),36.8018788,127.1121161,041-336-2253
343,다기능,"천안시 서북구 불당19로 111, 린스트라우스 2단지 앞 삼거리(음봉로→불당고)",36.8168714,127.1100698,041-336-2253
344,다기능,천안시 서북구 번영로 차암2공단 입구 삼거리(성성동 298-1)(삼성SDI→경찰서),36.8515492,127.1260506,041-336-2253
345,다기능,천안시 동남구 만남로 천안로사거리(천안IC→터미널),36.8212955,127.1625557,041-336-2253
346,다기능,천안시 동남구 광풍로 구룡2동 마을입구 삼거리(천안→광덕),36.7730531,127.1430148,041-336-2253
347,과속,"천안시 동남구 충절로 동산3리 마을입구 삼거리(동산리 22-4, 천안→진천)",36.79165,127.367981,041-336-2253
348,과속,"천안시 동남구 충절로 2728(덕성리 산6-9, 진천→천안)",36.8133723,127.376979,041-336-2253
349,다기능,"천안시 서북구 성환읍 천안대로 안궁사거리(복모리, 천안→평택)",36.9179607,127.1308798,041-336-2253
350,다기능,"천안시 서북구 성환읍 천안대로 안궁사거리(복모리, 한미래@→평택)",36.9561147,127.1314116,041-336-2253
351,다기능,"천안시 서북구 광장로 용곡생태터널 앞 사거리(불당동, 아산→천안)",36.8000462,127.1108593,041-336-2253
352,다기능,아산시 탕정면 매곡로33번길 매곡2교차로(천안→현충사),36.792201,127.0791152,041-336-2253
353,다기능,아산시 탕정면 매곡로33번길 매곡2교차로(현충사→천안),36.792201,127.0791152,041-336-2253
354,다기능,보령시 청소면 충서로 진죽4가(홍성→보령),36.454552,126.594039,041-336-2253
355,다기능,보령시 웅천읍 충서로 두룡2교차로(남포→웅천),36.234314,126.601886,041-336-2253
356,과속,보령시 천북면 홍보로 994(천북면사무소→홍성방조제),36.4786871,126.5272929,041-336-2253
357,과속,태안군 안면읍 안면대로 육개버스정류장 앞(안면→고남),36.518182,126.3455545,041-336-2253
358,과속,태안군 원북면 옥파로 황촌1리 회관입구(원북→학암포),36.8585736,126.2298437,041-336-2253
359,다기능,"서산시 지곡면 환성3길 환성2리 입구 삼거리(환성리 268-4, 대산→서산)",36.9127606,126.4295435,041-336-2253
360,다기능,논산시 연무읍 동안로 평촌교차로(연무→강경천),36.134935,127.100612,041-336-2253
361,과속,천안시 서북구 성성동 삼성대로 푸르지오아파트 앞(천안TG→삼성SDI),36.8443431,127.1215375,041-336-2253
362,과속,천안시 서북구 두정동 삼성대로 장애인복지관 앞(삼성SDI→천안TG),36.838181,127.1578183,041-336-2253
363,다기능,천안시 서북구 차암동 3공단6로 효성해링턴아파트 입구 삼거리(차암교→코스트코),36.8397092,127.1198093,041-336-2253
364,다기능,"천안시 동남구 광풍로 신천안모터스 앞 삼거리(청당동, 청당동→풍세)",36.7800992,127.1537493,041-336-2253
365,다기능,계룡시 금암동 계룡대로 이케아삼거리 계룡대 방향(계룡TG→계룡대),36.2726712,127.2566019,041-336-2253
366,다기능,계룡시 두마면 계룡대로 이케아삼거리 계룡TG 방향(계룡대→계룡TG),36.2530051,127.2764213,041-336-2253
367,과속,금산군 진산면 복수로 교촌리 83(진산면→복수면),36.156893,127.3947817,041-336-2253
368,과속,홍성군 서부면 서부로 송촌마을회관 앞(갈산면→남당항),36.5806723,126.5069833,041-336-2253
369,다기능,홍성군 홍북읍 도청대로 신경리 1908(내포신도시→홍성읍),36.6014183,126.6622533,041-336-2253
370,구간,"아산시 탕정면 세종평택로 용두터널 전(용두리 30-25, 세종→평택) 1,2차로 시점",37.541092,127.7370461,041-336-2253
371,구간,"아산시 탕정면 세종평택로 용두터널 전(용두리 30-25, 세종→평택) 3차로 시점",37.541092,127.7370461,041-336-2253
372,구간,"아산시 둔포면 세종평택로 신둔포천교 전(신남리 10-9, 세종→평택) 1,2차로 종점",36.9329394,126.9953929,041-336-2253
373,구간,"아산시 둔포면 세종평택로 신둔포천교 전(신남리 10-9, 세종→평택) 3차로 종점",36.9329394,126.9953929,041-336-2253
374,구간,"아산시 둔포면 세종평택로 신법교차로 전(신남리 10-9, 평택→세종) 1,2차로 시점",36.9329394,126.9953929,041-336-2253
375,구간,"아산시 둔포면 세종평택로 신법교차로 전(신남리 10-9, 평택→세종) 3차로 시점",36.9329394,126.9953929,041-336-2253
376,구간,"아산시 탕정면 세종평택로 용두교차로 전(용두리 30-25, 평택→세종) 1,2차로 종점",37.541092,127.7370461,041-336-2253
377,구간,"아산시 탕정면 세종평택로 용두교차로 전(용두리 30-25, 평택→세종) 3차로 종점",37.541092,127.7370461,041-336-2253
378,다기능,"아산시 신정로 조정면허시험장 삼거리(방축동 427-7, 방축동→신정호)",36.7752041,126.9798784,041-336-2253
379,과속,"부여군 부여읍 성왕로 한전 부여지사 앞(석목리 139-8, 가탑교차로→대향로로터리)",36.2835557,126.9307318,041-336-2253
380,과속,부여군 규암면 나복리 653-9(부여TG→라복교차로),36.2949371,126.8543496,041-336-2253
381,다기능,"아산시 둔포면 아산밸리로 관용교차로(신양리 434-2, 아산제2테크노밸리→봉재교차로)",36.8898942,127.0573378,041-336-2253
382,다기능,"아산시 둔포면 아산밸리로 관용교차로(신양리 435-2, 봉재교차로→아산제2테크노밸리)",36.889228,127.0571934,041-336-2253
383,다기능,아산시 송악면 외암로 외암삼거리(송악면→장존동),36.7363309,127.0118226,041-336-2253
384,과속,"아산시 송악면 외암로 344, 임산물산지종합유통센터 앞(공주→아산)",36.6814053,126.9909514,041-336-2253
385,다기능,아산시 음봉면 음봉로 포스코아파트교차로(아산→음봉),36.8380353,127.0756465,041-336-2253
386,다기능,아산시 탕정면 탕정면로 지중해교차로(천안→탕정),36.7975413,127.0605217,041-336-2253
387,다기능,아산시 탕정면 탕정면로 탕정미래초등학교 앞(지중해교차로→트라팰리스),,,041-336-2253
388,다기능,아산시 탕정면 탕정면로 탕정미래초등학교 앞(트라팰리스→지중해교차로),36.8006907,127.0596558,041-336-2253
389,다기능,계룡시 엄사면 계백로 양정주유소 앞(논산→대전),,,041-336-2253
390,다기능,계룡시 엄사면 계백로 삼진삼거리(대전→논산),36.2816677,127.2403129,041-336-2253
391,다기능,서산시 대산읍 평신1로 독곶2교차로(황금산→독곶1교차로),36.9882059,126.3763774,041-336-2253
392,다기능,서산시 대산읍 평신1로 독곶2교차로(독곶1교차로→황금산),36.9882059,126.3763774,041-336-2253
393,다기능,서산시 성연면 백제사신로 명천교차로(성연→음암),36.8390535,126.460994,041-336-2253
394,다기능,공주시 우금티로 공주대학교 옥룡캠퍼스 앞 교차로(공주터널→한전),36.4519436,127.132526,041-336-2253
395,다기능,태안군 태안읍 서해로 인평1리 버스정류장 인근(서산→태안),36.764036,126.346268,041-336-2253
396,과속,"태안군 안면읍 안면대로 2117-1(창기리, 태안↔안면)",36.6000855,126.3235316,041-336-2253
397,과속,"천안시 동남구 수신면 수신로 백자슈퍼 앞(백자리 467-2, 세종→수신)",36.7090075,127.2739406,041-336-2253
398,과속,"천안시 동남구 풍세면 세종평택로 풍세교차로 앞(보성리 134-1, 아산→세종)",36.7335782,127.1280267,041-336-2253
399,과속,"천안시 동남구 광덕면 차령로 유천교차로 1km전방(대평리 산4-1, 유천교차로→차령터널)",36.6702202,127.1443707,041-336-2253
400,다기능,"천안시 동남구 쌍용대로 천안고 4가(봉명동 224, 쌍용지하차도→두정동)",36.806272,127.141699,041-336-2253
401,다기능,"천안시 동남구 충절로 에덴주유소앞 교차로(원성동 602, 터미널→충절오거리)",36.8126298,127.1580286,041-336-2253
402,다기능,"천안시 동남구 목천읍 천안대로 남천안IC 출구앞 3가(삼성리 83-14, 세종→천안)",36.7546925,127.1650573,041-336-2253
403,다기능,"천안시 동남구 충무로 남부오거리(원성동619, 다가동→구성삼거리)",36.7992818,127.153534,041-336-2253
404,다기능,"천안시 동남구 충절로 천안의료원 앞 교차로(삼룡동41-35, 목천→천안삼거리)",36.783977,127.167579,041-336-2253
405,다기능,"천안시 동남구 병천면 매봉로 창들2교차로(탑원리 368-7, 진천→천안)",36.7517829,127.3044143,041-336-2253
406,과속,"천안시 서북구 성환읍 삼사로 우신1교차로 앞(우신리 27-28, 둔포→우신2교차로)",36.9256431,127.1148908,041-336-2253
407,다기능,"천안시 서북구 천안대로 대동타일 입구 3가(신당동 477-6, 직산→업성3가)",36.8647623,127.1524444,041-336-2253
408,다기능,"천안시 서북구 입장면 망향로 입장교차로(독정리 133-3, 안성→입장)",36.9221096,127.2352168,041-336-2253
409,다기능,"천안시 서북구 불당21로 천안아름초등학교 앞(불당동 1883, 린트라우스@→시청)",36.8133092,127.1024581,041-336-2253
410,다기능,"천안시 서북구 동서대로 롯데마트 4가(성정동 747, 여성회관4가→인쇄창4가)",36.8260237,127.1395163,041-336-2253
411,다기능,"천안시 서북구 번영로 브라운스톤 4가(백석동 1114, 운동장4가→성성지하차도)",36.8292659,127.1156866,041-336-2253
412,다기능,"천안시 서북구 성거읍 망향로 방주빌라 입구 3가(요방리 160-9, 단국대→입장)",36.8495702,127.1826641,041-336-2253
413,과속,공주시 탄천면 안영리 686 일원(진고개삼거리→탄천IC),36.3141661,127.0570407,041-336-2253
414,다기능,"청양군 대치면 칠갑산1로 이화교차로(이화리 604, 정산→청양)",36.4650582,126.8692378,041-336-2253
415,다기능,아산시 인주면 아산만로 문방2리 입구(대음리→밀두리),36.8446419,126.8502938,041-336-2253
416,다기능,아산시 인주면 아산만로 문방2리 입구 건너편(밀두리→대음리),36.8719789,126.881887,041-336-2253
417,다기능,아산시 탕정면 탕정면로 동덕초등학교 앞(천안→탕정),36.8209886,127.0840911,041-336-2253
418,다기능,아산시 탕정면 탕정면로 동덕초등학교 건너편(탕정→천안),36.8209886,127.0840911,041-336-2253
419,다기능,아산시 배방읍 호서로 북수초등학교 앞(월천리→회룡리),36.767853,127.078501,041-336-2253
420,다기능,아산시 배방읍 호서로 북수초등학교 건너편(회룡리→월천리),36.767853,127.078501,041-336-2253
421,다기능,아산시 송악면 송악로 송남초등학교 앞(송악저수지→외암삼거리),36.7326091,127.0100729,041-336-2253
422,과속,"서산시 문화로 서광사 입구 교차로(읍내동 568-1, 문화회관→교육청)",36.7877943,126.4461139,041-336-2253
423,과속,"서산시 인지면 서해로 차동초등학교 앞(차리 102, 태안→서산)",36.7756691,126.4001697,041-336-2253
424,과속,"서산시 음암면 서해로 성암대교 400m전(탑곡리 산60-13, 당진→서산)",36.7924269,126.5318119,041-336-2253
425,과속,"서산시 온석1길 호산나어린이집 부근(온석동 585-4, 성연→온석동)",36.8009966,126.4659464,041-336-2253
426,다기능,"서산시 양열로 중앙교차로 세무서 방향(석림동 287-3, 잠홍동→세무서)",36.7611734,126.4618682,041-336-2253
427,다기능,"서산시 양열로 중앙교차로 잠홍동 방향(석림동 287-3, 세무서→잠홍동)",36.7611734,126.4618682,041-336-2253
428,다기능,"서산시 서해로 잠홍1교차로(잠홍동 52-1, 서산→당진)",36.7805107,126.4753455,041-336-2253
429,다기능,"서산시 양열북로 수석교차로 석림동 방향(잠홍동 111-9, 잠홍동→석림동)",36.7702561,126.4656797,041-336-2253
430,다기능,"서산시 양열북로 수석교차로 잠홍동 방향(잠홍동 112-4, 석림동→잠홍동)",36.7753846,126.476083,041-336-2253
431,다기능,"보령시 미산면 판미로 내평삼거리(내평리 381, 미산면→보령호)",36.2117088,126.6757701,041-336-2253
432,다기능,"보령시 대청로 두러뫼교차로(동대동 981-5, 화산교차로→원평교차로)",36.3541496,126.6186558,041-336-2253
433,다기능,"보령시 청라면 대청로 청보초등학교 앞(내현리 636, 청양→보령)",36.389068,126.6562176,041-336-2253
434,다기능,"보령시 청라면 대청로 청보초등학교 건너편(의평리 230-4, 보령→청양)",36.3885252,126.6570808,041-336-2253
435,다기능,"보령시 청소면 충서로 마동마을입구 교차로(죽림리 687-3, 보령→광천)",36.4688018,126.6045407,041-336-2253
436,다기능,아산시 인주면 서해로 밀두교차로(당진→아산),36.8735899,126.8909139,041-336-2253
437,과속,"아산시 신창면 온양순환로 경찰대학교 부근(황산리 20-14, 신창→천안)",36.7577587,126.9583976,041-336-2253
438,다기능,아산시 송악면 송악로 송남초등학교 건너편(외암삼거리→송악저수지),36.7326091,127.0100729,041-336-2253
439,다기능,당진시 송악읍 북부산업로 고대공단교차로(송악IC→석문),36.9723812,126.7577852,041-336-2253
440,다기능,당진시 송악읍 북부산업로 부곡교차로(석문→송악IC),36.9451627,126.7833112,041-336-2253
441,다기능,"공주시 월송동 무령로 신월초교차로(월송동 528-3, 공주대→세종)",36.4729951,127.1498248,041-336-2253
442,다기능,서산시 성연면 충의로 일람사거리(서산→대산),36.8193942,126.4400423,041-336-2253
443,다기능,"보령시 대천로 대천초등학교 앞(대천동 37-2, 신평로사거리→신평사거리)",36.3466519,126.6171886,041-336-2253
444,과속,"보령시 동현로 이편한세상아파트 앞(동대동 165-1, 평신삼거리→두러뫼교차로)",36.3498909,126.612383,041-336-2253
445,과속,"예산군 예산읍 금오대로 아리랑삼거리 전(산성리 112-3, 금오터널→아리랑삼거리)",36.687165,126.8434327,041-336-2253
446,다기능,"예산군 삽교읍 예목로 평촌교차로 (평촌리 271-11,삽교읍→내포신도시)",36.6808642,126.7092807,041-336-2253
447,다기능,"예산군 삽교읍 예목로 이리교차로(이리 418-1, 내포신도시→삽교읍)",36.6738149,126.6929469,041-336-2253
448,다기능,"예산군 삽교읍 예목로 보성교차로 (목리 산18-5, 삽교읍→내포신도시)",36.6725899,126.6862007,041-336-2253
449,다기능,예산군 광시면 충절로 광시교차로(홍성→청양),36.5381819,126.754011,041-336-2253
450,다기능,예산군 오가면 충서로 신원교차로(예산→홍성),36.684806,126.8166484,041-336-2253
451,다기능,"공주시 백제큰길 생명과학고 교차로(신관동 583, 정지산터널→공주IC)",36.4719482,127.1249577,041-336-2253
452,과속,아산시 온중로 온양중학교 앞(어의정→주공3단지아파트),36.7739441,126.998353,041-336-2253
453,다기능,아산시 온중로 용화초등학교 앞(주공3단지아파트→어의정),36.7734042,126.996197,041-336-2253
454,다기능,아산시 탕정면 탕정면로 탕정중학교 앞(탕정미래초→충남외고),36.802463,127.064038,041-336-2253
455,다기능,아산시 탕정면 탕정면로 탕정중학교(하늘성교회) 앞 (충남외고→탕정미래초),36.802463,127.064038,041-336-2253
456,다기능,아산시 서부북로 신광초등학교 앞(서진아파트→시내),36.7888889,126.9694139,041-336-2253
457,다기능,"아산시 탕정면 곡교천로 한내교차로(갈산리 716-19, 아산→천안)",36.7902418,127.0540115,041-336-2253
458,다기능,"아산시 배방읍 배방로 월천지구 내(북수리 1899, 배방중학교→배방자이1차아파트)",36.770528,127.070303,041-336-2253
459,다기능,"아산시 배방읍 배방로 월천지구 내(북수리 1899, 배방자이1차아파트→배방중학교)",36.7714745,127.0804698,041-336-2253
460,다기능,천안시 서북구 쌍용대로 현대자동차북부지점 앞 사거리(쌍용동→북부대로),36.8307106,127.1375301,041-336-2253
461,다기능,천안시 서북구 성거읍 망향로 금정샛별아파트 앞(천안→입장),36.8886493,127.206994,041-336-2253
462,과속,천안시 서북구 성환읍 천안대로 갯방죽사거리(평택→천안),36.9179607,127.1308798,041-336-2253
463,과속,천안시 동남구 병천면 충절로 매봉산터널 입구 진천방향(천안→진천),36.7660151,127.2991022,041-336-2253
464,과속,천안시 동남구 병천면 충절로 매봉산터널 입구 천안방향(진천→천안),36.7660151,127.2991022,041-336-2253
465,다기능,서산시 해미면 중앙로 옥거리교차로 서산방향(해미→서산),36.7764277,126.4646522,041-336-2253
466,다기능,"서산시 덕지천로 104 서림초등학교 앞(석림동, 서중사거리→세무서)",36.769845,126.4586807,041-336-2253
467,과속,"서산시 안견로 양우내안애아파트 113동 건너편(읍내동 724-4, 서산→대산)",36.7835143,126.4419971,041-336-2253
468,과속,아산시 영인면 아산로 월선교차로(염치→인주),36.8739518,126.9389092,041-336-2253
469,다기능,아산시 염치읍 아산로 서원교차로(영인→염치),36.8389283,126.9666219,041-336-2253
470,과속,아산시 둔포면 아산밸리로 둔포산단2교차로(둔포산단3→둔포산단1),36.9235036,127.0631458,041-336-2253
471,다기능,"논산시 연산면 계백로 화악삼거리(천호리 396, 대전→논산)",36.246086,127.2281712,041-336-2253
472,다기능,논산시 은진면 득안대로 은진사거리(연무→논산),36.169401,127.103579,041-336-2253
473,다기능,공주시 번영1로 국민은행 앞 사거리(신관초교차로→중앙로삼거리),36.4758255,127.1389776,041-336-2253
474,과속,공주시 무령로 세종공주원예농협 앞 사거리(월송동→신월초),36.4584776,127.1203197,041-336-2253
475,다기능,보령시 대해로 터미널사거리(수청사거리→대천IC),36.3333999,126.574931,041-336-2253
476,다기능,당진시 송악읍 북부산업로 한진교차로(송악IC→석문),36.9351916,126.7797285,041-336-2253
477,과속,당진시 합덕읍 예당평야로 성동교차로(예산→당진),36.7961805,126.765317,041-336-2253
478,다기능,홍성군 갈산면 내포로 동산사거리 (홍성→갈산),36.59646,126.583969,041-336-2253
479,과속,"홍성군 구항면 충서로 마온리 입구 삼거리(마온리 94-5, 홍성→광천)",36.5664818,126.6493904,041-336-2253
480,과속,예산군 신암면 예당평야로 신택교차로(예산→합덕),36.7609633,126.8127578,041-336-2253
481,다기능,예산군 오가면 윤봉길로 역탑교차로(삽교→아산),36.6894438,126.7900953,041-336-2253
482,과속,"부여군 내산면 성충로 저동교 앞(주암리 21-4, 내산면→외산면)",36.2866303,126.7702016,041-336-2253
483,과속,서천군 서천읍 대백제로 천산아파트 옆 삼거리(서천→장항),36.0953643,126.685053,041-336-2253
484,다기능,서천군 마서면 금강로 하구둑사거리(군산→서천),36.0202182,126.7386456,041-336-2253
485,다기능,금산군 군북면 금산로 새말사거리(추부→금산),36.1290517,127.498459,041-336-2253
486,과속,"청양군 남양면 금정공업사 앞(충절로 717, 청양→부여)",36.4169578,126.8001861,041-336-2253
487,과속,"태안군 근흥면 근흥로 두야정미소 앞(두야리 991-2, 태안→근흥)",36.7464276,126.247924,041-336-2253
488,과속,"부여군 부여읍 계백로 백제초등학교 앞 횡단보도(동남리 765-1, 군청→박물관)",36.2777458,126.9156775,041-336-2253
489,다기능,"천안시 서북구 시청로 불당동우체국 앞 사거리(불당동 776, 원형육교→시청)",36.8018788,127.1121161,041-336-2253
490,다기능,"천안시 서북구 백석로 롯데리아 앞 4가(백석동 770, 백석사거리→백석충전소)",36.8192397,127.1312255,041-336-2253
491,다기능,"천안시 동남구 청수14로 천안가온초등학교 앞 교차로(청당동, 천안법원→천안가온초)",36.7853537,127.1487868,041-336-2253
492,다기능,"천안시 동남구 서부대로 상신사거리(신방동 57-6, 방아다리4가→상신사거리)",36.7902987,127.1288376,041-336-2253
493,다기능,"천안시 동남구 수신면 수신로 상록CC 입구 삼거리(장산리 824-14, 수신면→병천면)",36.740285,127.2851334,041-336-2253
494,다기능,"천안시 동남구 천안대로 굴울사거리(구성동 258-3, 삼거리공원→천안TG)",36.7912159,127.1647508,041-336-2253
495,과속,홍성군 홍성읍 충서로 SK LPG 충전소 앞(홍성→광천),36.599544,126.681146,041-336-2253
496,다기능,홍성군 홍북읍 용봉로 경남아너스빌 후문 3거리(홍북→홍성),36.6522886,126.6646991,041-336-2253
497,다기능,홍성군 홍성읍 내포로 물방아사거리(구항→홍성),,,041-336-2253
498,다기능,홍성군 장곡면 충정로 월계교차로(홍성→청양),36.5051365,126.691305,041-336-2253
499,다기능,홍성군 홍성읍 충서로 홍성여고사거리(의사총4가→덕산통4가),36.6047854,126.6711368,041-336-2253
500,다기능,천안시 서북구 직산읍 수헐리 75-1 부영아파트 입구(직산→성환),36.8941196,127.1393615,041-336-2253
501,다기능,천안시 동남구 원성동 619 남부오거리(원성동→다가동),36.7992818,127.153534,041-336-2253
502,과속,"부여군 부여읍 계백로 동남교회 앞(쌍북리 583-4, 박물관→동부농협사거리)",36.2812732,126.9210935,041-336-2253
503,과속,부여군 부여읍 성왕로 기아자동차부여지점 앞(쌍북리 601-2미성삼거리→동부농협사거리),36.2831618,126.9173994,041-336-2253
504,구간,"당진시 시곡동 1120-2 서산방향 1,2차로 시점",36.9035758,126.6596348,041-336-2253
505,구간,"당진시 우두동 425-10 서산방향 1,2차로 종점",36.9013455,126.6347854,041-336-2253
506,과속,아산시 염치읍 이순신대로 석정리 641 석정교차로 전(예산→탕정),36.8068886,127.0015819,041-336-2253
507,과속,아산시 염치읍 이순신대로 염성리 409 곡교교차로 전(탕정→예산),36.8107102,126.9783793,041-336-2253
508,과속,금산군 제원면 용화로 저곡리 646-1,36.1103142,127.5598753,041-336-2253
509,과속,"금산군 금산읍 무금로 중도오거리 100m전(중도리 94-4, 양전교차로→중도오거리)",36.1023049,127.4997929,041-336-2253
510,다기능,"천안시 동남구 각원사길 안서초등학교(안서동 534-111, 동보@ 부근)",36.8308408,127.1774703,041-336-2253
511,다기능,천안시 동남구 신부8길 천안신안초등학교 후문(신부동 997),36.8150637,127.1623001,041-336-2253
512,다기능,"천안시 서북구 봉서산로 천안용암초등학교(쌍용동 1926, 용암초→쌍용중)",36.8041181,127.1196184,041-336-2253
513,다기능,"천안시 서북구 백석로 천안백석초등학교(백석동 917, 백석그린빌2차입구)",36.8206627,127.1218388,041-336-2253
514,다기능,천안시 동남구 일봉로 천안용소초등학교 부근(용곡동 607),36.7916297,127.133907,041-336-2253
515,다기능,천안시 서북구 불당11로 천안서당초등학교(불당동 786),36.8038518,127.1139757,041-336-2253
516,다기능,천안시 동남구 새말1길 천안신용초등학교 부근(신방동 40-12),36.7885499,127.131969,041-336-2253
517,다기능,천안시 서북구 한들1로 한들초등학교 부근(백석동 308-4),36.8261777,127.1165187,041-336-2253
518,다기능,천안시 동남구 청당5로 천안청당초등학교 부근(청당동 127-20),36.7799808,127.1515394,041-336-2253
519,다기능,"천안시 서북구 성거읍 봉주로 소망초등학교(신월리 2-7, 삼환나우빌 앞 횡단보도)",36.8778189,127.1590585,041-336-2253
520,과속,"아산시 영인면 토정로 신화초등학교(신화리 355-1, 철봉교차로→역리)",36.8946166,126.9720166,041-336-2253
521,과속,"아산시 영인면 고룡산로 신화초등학교(신화리 687, 성내저수지→와우리)",36.886093,126.9687,041-336-2253
522,과속,"아산시 음봉면 산정리 59-2, 아산온천로 음봉어린이집",36.8505948,127.007931,041-336-2253
523,다기능,"아산시 둔포면 아산밸리중앙로 염작초등학교(석곡리 1838, 염작초→아산테크노중)",36.9246875,127.0519375,041-336-2253
524,다기능,"아산시 둔포면 아산밸리중앙로 염작초등학교(석곡리 1838, 아산테크노중→염작초)",36.9246875,127.0519375,041-336-2253
525,다기능,"아산시 인주면 현대로 금성초등학교(금성리 65-6, 현대자동차→미진무지개@) ",36.8431773,126.8794812,041-336-2253
526,다기능,"아산시 인주면 현대로 금성초등학교(금성리 80-7, 미진무지개@→현대자동차)",36.8435134,126.8791904,041-336-2253
527,다기능,"아산시 서부북로 신광초등학교(배미동 239-40, 시내→서진@)",36.7880819,126.9684652,041-336-2253
528,다기능,"아산시 음봉면 연암율금로 쌍룡초등학교 쌍룡보건진료소 앞 사거리(쌍룡리 205-11, 소동리→성환)",36.8802035,127.0743959,041-336-2253
529,다기능,"아산시 남부로 아산초등학교(용화동 113-6, 풍기2교차로→아산중앙도서관)",36.7711158,127.0102387,041-336-2253
530,다기능,"아산시 남부로 아산초등학교(용화동 113-6, 아산중앙도서관→풍기2교차로)",36.7711158,127.0102387,041-336-2253
531,다기능,"아산시 배방읍 연화로 연화초등학교(장재리 1980, 천안→아산)",36.7870677,127.095,041-336-2253
532,다기능,"아산시 배방읍 연화로 연화초등학교(장재리 1980, 아산→천안)",36.7870677,127.095,041-336-2253
533,다기능,"아산시 배방읍 용연로 아산용연초등학교 단일로(장재리 1954, 휴먼시아1단지→3단지)",,,041-336-2253
534,다기능,"아산시 배방읍 용연로 아산용연초등학교(장재리 1954, 용연마을3단지→휴먼시아1단지)",,,041-336-2253
535,과속,"아산시 배방읍 고불로 금곡초등학교 앞(신흥리 416, 좌부교차로→중1리마을회관)",36.7564122,127.0309869,041-336-2253
536,과속,"아산시 음봉면 아산온천로 음봉초등학교 정문(삼거리 283-2, 음봉삼거리→음봉사거리)",36.8491506,127.0112085,041-336-2253
537,과속,"아산시 음봉면 아산온천로 음봉초등학교 후문(삼거리 283-2, 음봉우체국→음봉사거리)",36.8491506,127.0112085,041-336-2253
538,과속,"아산시 청운로 온양온천초등학교 앞(온천동 301-6, 한울고사거리→온양온천역)",36.7822894,127.009182,041-336-2253
539,과속,"아산시 신창면 서부북로 오목초등학교 앞(오목리 307-66, 신창면사무소→가덕2리마을회관)",36.802965,126.936333,041-336-2253
540,과속,"아산시 온주길 온양초등학교 후문(읍내동 156-11, 농협온주지점→온주아문및동헌)",36.7615999,127.0176747,041-336-2253
541,과속,"아산시 번영로234번길 온양동신초등학교 앞(모종동 455-31, 동신사거리→롯데마트)",36.7797002,127.0174191,041-336-2253
542,다기능,"아산시 중앙로 중앙초등학교 앞(용화동 580, 온천마을@→온양온천역)",36.7761473,127.0022967,041-336-2253
543,다기능,"아산시 중앙로 중앙초등학교 앞(용화동 580, 온양온천역→온천마을@)",36.7761473,127.0022967,041-336-2253
544,다기능,"아산시 송악면 외암로 거산초등학교 앞(송학리 492, 유구→아산)",36.6923727,126.9890647,041-336-2253
545,다기능,"아산시 송악면 외암로 거산초등학교 앞(송학리 272-2, 아산→유구)",36.6914643,126.9890587,041-336-2253
546,다기능,"아산시 도고면 도고면로 도고온천초등학교 앞(신언리 60-36, 신언3가→도고면사무소)",36.7575904,126.8754201,041-336-2253
547,다기능,"아산시 도고면 도고면로 도고온천초등학교 앞(신언리 61-9, 도고면사무소→신언3가)",36.7575904,126.8754201,041-336-2253
548,다기능,"아산시 둔포면 아산호로 남창초등학교 앞(신남리 761-3, 영인→둔포)",36.915407,126.9945489,041-336-2253
549,다기능,"아산시 둔포면 아산호로 남창초등학교 앞(신남리 761-3, 둔포→영인)",36.915407,126.9945489,041-336-2253
550,다기능,"아산시 배방읍 북수로25번길 배방초등학교 인근(공수리 639, 삼성전자→배방초)",36.7725886,127.0628044,041-336-2253
551,다기능,"아산시 배방읍 북수로25번길 배방초등학교 인근(공수리 639, 삼성전자→배방유치원)",36.7717524,127.0625813,041-336-2253
552,다기능,"아산시 배방읍 고불로 금곡초등학교 앞(신흥리 264-3, 유구→아산)",36.746867,127.045628,041-336-2253
553,다기능,"아산시 신창면 남성길 남성초등학교 입구3가(남성리 184, 남성3리복지회관→샘마을@)",36.7885578,126.9551518,041-336-2253
554,다기능,"천안시 서북구 두정동 387-2, 천안대로 이안아파트후문 삼거리(역말5가→직산)",36.8289552,127.1525257,041-336-2253
555,다기능,"천안시 서북구 백석동 918, 시청로 호반리젠시빌103동 앞(시청→보조경기장)",36.8060188,127.1167272,041-336-2253
556,다기능,"천안시 서북구 성정동 577-2, 서부대로 백석사거리(서부대로사거리→쌍용동사거리)",36.8191038,127.1310567,041-336-2253
557,다기능,"천안시 서북구 성정동 313-37, 백석로 봉정사거리(구상골사거리→터미널)",36.818462,127.1356139,041-336-2253
558,다기능,"천안시 서북구 저리 57-17, 망향로 저리교차로(수청교차로→송남교차로)",36.8688181,127.1968566,041-336-2253
559,다기능,"천안시 서북구 업성동 171-1, 번영로 천안서북경찰서 앞 사거리(업성동삼거리→성성2교차로)",36.8577005,127.1367813,041-336-2253
560,다기능,"천안시 서북구 성환읍 매주리 45-6, 천안대로 부영아파트 삼거리(수헐리→복지관사거리)",36.911673,127.1355281,041-336-2253
561,다기능,"천안시 동남구 천안대로 천안로사거리(신부동 524, 역말오거리→대전)",36.8212955,127.1625557,041-336-2253
562,다기능,"천안시 동남구 서부대로 개목삼거리(봉명동 291, 쌍용사거리→백석사거리)",36.8146965,127.1307187,041-336-2253
563,과속,"천안시 동남구 풍세면 풍세로 버스정류장부근 삼거리(용정리 46-32, 아산→광덕)",36.7423,127.125634,041-336-2253
564,과속,"천안시 동남구 풍세면 풍세로 버스정류장부근 삼거리(용정리 46-32, 광덕→아산)",36.7423,127.125634,041-336-2253
565,다기능,"천안시 동남구 천안대로 천안로사거리(신부동 42-23, 터미널사거리→나들목지하차도)",36.8189624,127.1582229,041-336-2253
566,다기능,"천안시 동남구 충절로 천안중학교 교문 앞(원성동 602, 교보사거리→터미널사거리)",36.8088425,127.1585336,041-336-2253
567,다기능,"천안시 동남구 천안대로 천안여고사거리(삼룡동 401-7, 야구장→삼거리공원)",36.7883977,127.1635011,041-336-2253
568,다기능,"아산시 배방읍 모산로 공수초등학교(공수리 183-33, 우방아이유쉘→한성필하우스)",36.7721746,127.0457557,041-336-2253
569,다기능,"아산시 배방읍 배방로 공수초등학교(공수리 1715, 아이유쉘1단지→세무서)",36.7710286,127.0630436,041-336-2253
570,다기능,아산시 음봉면 음봉로 산동사거리(아산→천안),36.8297933,127.0938954,041-336-2253
571,다기능,"아산시 배방읍 장재리 2030, 연화로(천안→아산)",36.7860635,127.0936612,041-336-2253
572,과속,"아산시 신창면 창암리 588, 순천향로 창암3리경로당 입구(창암2리마을회관→기산동마을회관)",36.7671253,126.9484095,041-336-2253
573,다기능,"아산시 온천대로1333번길 온양신정초등학교 앞(실옥동 187-8, 벽산@→동아2차@)",36.7879713,126.9867369,041-336-2253
574,다기능,"아산시 온천대로1333번길 온양신정초등학교 앞(실옥동 187-8, 동아2차@→벽산@)",36.7879713,126.9867369,041-336-2253
575,다기능,"아산시 배방읍 구령리 122-3, 한내로 구령2리 마을회관 앞(배방역→탕정면)",36.7791357,127.0515743,041-336-2253
576,다기능,"아산시 배방읍 구령리 128-11, 한내로 구령2리 마을회관 앞(탕정면→배방역)",36.7790347,127.052232,041-336-2253
577,다기능,"아산시 배방읍 북수리 1892, 호서로(봉강삼거리→배방자이@)",36.767606,127.083593,041-336-2253
578,다기능,"아산시 온천동 310, 삼동로 온양온천초등학교 후문(동천교회4가→송악4가)",36.7847139,127.011238,041-336-2253
579,다기능,"아산시 인주면 영인산로 인주중학교 앞 삼거리(밀두리38-2, 냉정리→밀두리)",36.8664465,126.8924697,041-336-2253
580,다기능,"태안군 안면읍 승언리 1290-26, 안면대로 방포사거리(태안→안면)",36.5138463,126.342532,041-336-2253
581,과속,"태안군 안면읍 중장리 1952, 안면대로 상촌삼거리(안면→태안)",36.472824,126.3689194,041-336-2253
582,과속,"태안군 태안읍 동문리 903, 동백로 윤안과사거리(군청→평천교차로)",36.7483957,126.3030685,041-336-2253
583,다기능,"태안군 남면 천수만로 당암회관 앞 교차로(당암리 214, 안면도→홍성)",36.6254788,126.3322472,041-336-2253
584,다기능,"태안군 남면 천수만로 당암회관 앞 교차로(당암리 214, 홍성→안면도)",36.6254788,126.3322472,041-336-2253
585,과속,"태안군 원북면 반계리 1102, 옥파로 닷개삼거리 부근(원북→닷개삼거리)",36.8288342,126.2455332,041-336-2253
586,과속,"태안군 근흥면 도황리 611-4, 근흥로 연포삼거리(근흥→태안)",36.7011305,126.2029099,041-336-2253
587,과속,"태안군 고남면 안면대로 안면농협 인근(고남리 1234-1, 고남면사무소→고남초)",36.4234111,126.4072492,041-336-2253
588,다기능,"서산시 예천동 67, 서해로 석남사거리(당진→태안)",36.7702512,126.4507781,041-336-2253
589,다기능,"서산시 예천동 67, 서해로 석남사거리(태안→당진)",36.7702512,126.4507781,041-336-2253
590,다기능,"서산시 중앙로 동남아파트 입구 교차로(수석동 688-89, 서산→해미)",36.7597078,126.4845952,041-336-2253
591,다기능,"서산시 해미면 대곡리 644-3, 한티로 송덕암교차로(예산→해미)",36.6813578,126.5797269,041-336-2253
592,다기능,"서산시 음암면 중앙로 웅소성리 입구 교차로(웅소성리 169, 서산→해미)",36.734726,126.512656,041-336-2253
593,다기능,"서산시 음암면 중앙로 웅소성리 입구 교차로(유계리 461-7, 해미→서산)",36.739066,126.5160485,041-336-2253
594,다기능,"서산시 석림동 947, 서해로 석림사거리(당진→태안)",36.7747536,126.4635264,041-336-2253
595,다기능,"서산시 석림동 287-3, 중앙로 중앙교차로(해미→서산)",36.7699652,126.4721345,041-336-2253
596,다기능,"서산시 석림동 287-3, 중앙로 중앙교차로(서산→해미)",36.7699652,126.4721345,041-336-2253
597,과속,"태안군 안면읍 중장리 1952, 안면대로 상촌삼거리(태안→안면)",36.472824,126.3689194,041-336-2253
598,과속,"아산시 염치읍 염치로 염티초등학교 입구(염성리 178, 염치읍사무소→한사랑교회)",36.8164936,126.9777857,041-336-2253
599,과속,"아산시 염치읍 염치로 염티초등학교 입구(염성리 178, 한사랑교회→염치읍사무소)",36.8164936,126.9777857,041-336-2253
600,과속,"아산시 염치읍 송곡길 송곡초등학교 앞(송곡리 190-3, 보문사→송곡초)",36.806667,127.0142282,041-336-2253
601,과속,"아산시 배방읍 휴대길 동방초등학교 입구(휴대리 153-1, 동방초→휴대교)",36.7790498,127.114256,041-336-2253
602,과속,"아산시 배방읍 휴대길 동방초등학교 입구(휴대리 154-6, 휴대교→동방초)",36.7790498,127.114256,041-336-2253
603,다기능,"아산시 배방읍 배방로 모산초등학교(공수리 176-44, 모산초→오르젠중앙하이츠2차)",36.7696054,127.0517067,041-336-2253
604,다기능,"아산시 배방읍 배방로 모산초등학교(공수리 176-44, 오르젠중앙하이츠2차→모산초)",36.7696054,127.0517067,041-336-2253
605,다기능,"아산시 음봉면 월암로199번길 월랑초등학교 앞(월랑리 709, 음봉중→월랑초)",36.8510329,127.0734825,041-336-2253
606,다기능,"아산시 둔포면 충무로 관대초등학교(관대리 197-4, 관대삼거리→산전사거리)",36.8990894,127.0342882,041-336-2253
607,과속,"아산시 영인면 아산온천로 영인초등학교(아산리 679, 아산온천교차로→영인면사무소)",36.852864,126.9592178,041-336-2253
608,과속,"아산시 영인면 아산온천로 영인초등학교(아산리 679, 영인면사무소→아산온천교차로)",36.852864,126.9592178,041-336-2253
609,과속,"아산시 신창면 서부남로 신창초등학교 앞(읍내리 269-2, 오목리→읍내리)",36.7802131,126.9326346,041-336-2253
610,과속,"아산시 신창면 남성길 남성초등학교(남성리 121-5, 신창소화마을→부영@)",36.7874809,126.9581287,041-336-2253
611,다기능,"아산시 문화로 권곡초등학교(권곡동 181-2, 예산→공주)",36.7896988,127.0133095,041-336-2253
612,다기능,"아산시 문화로 권곡초등학교(권곡동 171-19, 공주→예산)",36.7891779,127.0150562,041-336-2253
613,다기능,"아산시 남부로 풍기초등학교 입구(풍기동 446, 풍기초→동일하이빌@)",36.7728113,127.0161617,041-336-2253
614,다기능,"아산시 남부로 풍기초등학교 입구(풍기동 518, 동일하이빌@→풍기초)",36.7743687,127.018483,041-336-2253
615,다기능,"아산시 실옥동 134-50, 아산로 옥정사거리(아산대교→실옥사거리)",36.7941847,126.9931561,041-336-2253
616,다기능,"아산시 인주면 공세리 484, 아산로 공세교차로(아산만방조제→아산시청)",36.9015591,126.9100501,041-336-2253
617,다기능,"아산시 인주면 공세리 709-1, 서해로 공세교차로(평택→당진)",36.8802319,126.9074555,041-336-2253
618,다기능,"아산시 음봉면 월암로199번길 월랑초등학교 앞(월랑리 709, 월랑초→음봉중)",36.8510329,127.0734825,041-336-2253
619,다기능,"아산시 둔포면 둔포중앙로 둔포초등학교(둔포리 417-7, 둔포파출소→석교리)",36.9300301,127.0380648,041-336-2253
620,다기능,"아산시 선장면 서부남로 선장초등학교 앞(군덕리 72-6, 선장사거리→선장치안센터)",36.7882942,126.8638355,041-336-2253
621,다기능,"아산시 선장면 서부남로 선장초등학교 앞(군덕리 379-2, 선장치안센터→선장사거리)",36.7882942,126.8638355,041-336-2253
622,다기능,"아산시 도고면 도고산로 도고초등학교 앞(시전리 198-8, 도고온천역→도고중)",36.7429671,126.9011942,041-336-2253
623,다기능,"아산시 도고면 도고산로 도고초등학교 앞(시전리 197-12, 도고중→도고온천역)",36.7429671,126.9011942,041-336-2253
624,다기능,"아산시 신창면 서부남로840번길 신창초등학교 앞(읍내리 253-5, 읍내삼거리→신창초)",36.7802131,126.9326346,041-336-2253
625,다기능,"아산시 문화로 충무초등학교 앞(권곡동 90-6, 서해그랑블1단지→충무초)",36.7904634,127.0204592,041-336-2253
626,다기능,"아산시 실옥로 온양천도초등학교 앞(실옥동 181-109, 온양고→아산교육청)",36.787491,126.9917953,041-336-2253
627,다기능,"아산시 실옥로 온양천도초등학교 앞(실옥동 183-129, 아산교육청→온양고)",36.787491,126.9917953,041-336-2253
628,다기능,"아산시 순천향로 초사초등학교 앞(신인동 450-1, 신인농공단지→신창역)",36.7529122,126.9782301,041-336-2253
629,다기능,"아산시 순천향로 초사초등학교 앞(신인동 450-1, 신창역→신인농공단지)",36.7529122,126.9782301,041-336-2253
630,다기능,"아산시 모종동 576-1, 삼동로 선거관리위원회 앞(송악사거리→동천교회사거리)",36.78301,127.0120677,041-336-2253
631,다기능,"아산시 탕정면 용두리 540-9, 이순신대로(천안→아산)",36.7969838,127.0478157,041-336-2253
632,다기능,"아산시 탕정면 용두리 541-5, 이순신대로(아산→천안)",36.7967741,127.0480794,041-336-2253
633,다기능,"예산군 예산읍 주교리 450-1, 무한교차로(홍성→예산)",36.6813466,126.8263447,041-336-2253
634,다기능,"예산군 삽교읍 신리 317-1, 신리교차로(덕산→내포신도시)",36.678222,126.6733644,041-336-2253
635,다기능,"태안군 고남면 고남리 268-14, 안면대로 영목교차로(대천항→안면도)",36.400862,126.425921,041-336-2253
636,다기능,"아산시 둔포면 둔포중앙로 둔포초등학교(둔포리 415-10, 용남산→둔포파출소)",36.9266976,127.03789,041-336-2253
637,다기능,"서산시 덕지천로 서림초등학교 앞(석림동 760-19, 서산세무서→서중사거리)",36.7653909,126.4653364,041-336-2253
638,과속,"보령시 천북면 신죽리 566-4(천광로, 천북→홍성)",36.4930494,126.5846592,041-336-2253
639,다기능,"보령시 동대동 1958, 대청로 동대사거리 김광제 동상 앞(청라→해수욕장)",36.3485097,126.6044555,041-336-2253
640,과속,"보령시 오천면 교성리 80-2, 충청수영로 웅포버스정류장 앞(주포→오천)",36.4358348,126.5576313,041-336-2253
641,과속,"보령시 오천면 교성리 80-2, 충청수영로 웅포버스정류장 앞(오천→주포)",36.4358348,126.5576313,041-336-2253
642,과속,"보령시 오천면 교성리 1326-11, 오천중앙로 자연마을 입구(갈현리→오포리)",36.421768,126.5600858,041-336-2253
643,과속,"보령시 오천면 교성리 1333, 오천중앙로 교성보건진료소 앞(갈현리→오포리)",36.4211387,126.539821,041-336-2253
644,과속,"보령시 오천면 오포리 836-10, 오포2리 마을회관 앞(오포리→교성리)",36.4061644,126.5219949,041-336-2253
645,다기능,"논산시 부적면 마구평리 361-1, 계백로 마구평4리 입구 삼거리(대전→논산)",36.2126573,127.1482578,041-336-2253
646,다기능,"논산시 은진면 토양리 41-1, 득안대로 토양삼거리(논산→연무)",36.1466815,127.1035518,041-336-2253
647,다기능,"서천군 서천읍 사곡로 75 클래시움@ 앞 교차로(사곡리 112-1, 서천역→회전교차로)",36.0837999,126.6910099,041-336-2253
648,다기능,"서천군 비인면 성내리 512-17, 충서로 비인교차로(성내사거리, 춘장대IC→서천)",36.1435343,126.5977948,041-336-2253
649,과속,"아산시 영인면 신현리 251-3, 영인산로 SG아름다운골프앤리조트 입구 삼거리(인주→음봉)",36.8555173,126.9250338,041-336-2253
650,과속,"청양군 정산면 칠갑산로 정산초등학교 앞(서정리 60-3, 정산고→정산면사무소)",36.4148686,126.9451154,041-336-2253
651,과속,"청양군 대치면 칠갑산로 수정초등학교 앞(주정리 543, 청양읍→대치면)",36.4455043,126.8292379,041-336-2253
652,다기능,"청양군 화성면 장계리 751-2, 대청로(보령→청양)",36.4125743,126.7021697,041-336-2253
653,다기능,"보령시 대해로 청룡초등학교(신흑동 1002-7, 해수욕장→시내)",36.3174861,126.540272,041-336-2253
654,과속,"보령시 대해로 청룡초등학교(신흑동 1005-9, 시내→해수욕장)",36.3175709,126.539394,041-336-2253
655,다기능,"보령시 보령남로 한내초등학교(명천동 453-5, 시청삼거리→수청사거리)",36.3434889,126.6004852,041-336-2253
656,다기능,"보령시 한내로터리길 대천동대초등학교(동대동 349-6, 원평사거리→e편한세상@)",36.3498895,126.6136555,041-336-2253
657,다기능,"보령시 주교면 토정로 송학초등학교(송학리 479-2, 주교→오천)",36.3807784,126.5246052,041-336-2253
658,과속,"보령시 성주면 심원계곡로 성주초등학교(성주리 125-11, 성주면사무소→성주계곡)",36.3360398,126.6514236,041-336-2253
659,과속,"보령시 미산면 판미로 미산초등학교(도화담리 107-3, 보령호→도화담삼거리)",36.289151,126.6753031,041-336-2253
660,과속,"보령시 웅천읍 무창포로 관당초등학교(관당리 산137, 무창포→웅천)",36.2458636,126.5516704,041-336-2253
661,과속,"보령시 주공로 명천초등학교(명천동 324-4, 시청→동대동)",36.3380458,126.6105239,041-336-2253
662,과속,"보령시 청라면 황룡리 158-4, 죽성로 대천농협 오삼지점(청양→보령)",36.417201,126.6575873,041-336-2253
663,구간,"공주시 반포면 공암리 379-7, 금벽로 대전방향 1,2차로 시점",36.3969076,127.2484141,041-336-2253
664,구간,"공주시 반포면 온천리 산43-4, 금벽로 대전방향 1,2차로 종점",36.3625769,127.2697508,041-336-2253
665,다기능,"서천군 서천읍 서천로 서천초등학교 정문(군사리 724-1, 서천중→연금공단)",36.0786359,126.6884635,041-336-2253
666,과속,"서천군 서천읍 서천로 서천초등학교 후문(군사리 821-1, 연금공단→서천중)",36.0786359,126.6884635,041-336-2253
667,과속,"서천군 서면 공암남촌길 서도초등학교 후문(도둔리 677-1, 마량→비인)",36.151718,126.527402,041-336-2253
668,과속,"서천군 장항읍 장마로 장항중앙초등학교(신창리 49-2, 해양수산청→화천사거리)",36.0125239,126.6909559,041-336-2253
669,과속,"서천군 서천읍 충절로 서천중학교 후문(군사리 622-4, 서천오거리→특화시장)",36.0754524,126.6935385,041-336-2253
670,다기능,"금산군 금산읍 금산로 금산초등학교(상리 175-22, 읍사무소→우체국)",36.1041293,127.4887556,041-336-2253
671,다기능,"금산군 금산읍 금산로 금산중앙초등학교(상옥리 137-1, 상하옥사거리→우체국)",36.1011937,127.4870997,041-336-2253
672,다기능,"금산군 금산읍 비단로 금산동초등학교(중도리 80-3,금삼교사거리→보건소)",36.1020271,127.4957933,041-336-2253
673,다기능,"금산군 금성면 진산로 금성초등학교(상가리 152-2, 금산→진산)",36.1306063,127.4545187,041-336-2253
674,다기능,"금산군 제원면 수당리 92-3, 인삼로 창평교차로(경찰서→금산IC)",36.1036662,127.5200409,041-336-2253
675,구간,"공주시 반포면 온천리 산43-4, 금벽로 공주방향 1,2차로 시점",36.3625769,127.2697508,041-336-2253
676,구간,"공주시 반포면 공암리 379-7, 금벽로 공주방향 1,2차로 종점",36.3969076,127.2484141,041-336-2253
677,과속,"부여군 규암면 계백로 규암초등학교(외리 217-7, 부여소방서→규암4가)",36.2749678,126.8822641,041-336-2253
678,과속,"부여군 부여읍 금성로 대왕초등학교(가탑리 467-9, 부여고→대왕교차로)",36.2731451,126.9233051,041-336-2253
679,다기능,"부여군 부여읍 계백로 백제초등학교(동남리 351-4, 부여문화원→부여군청)",36.2777458,126.9156775,041-336-2253
680,다기능,"아산시 탕정면 탕정면로 탕정초등학교 건너편(갈산리 525-4, 탕정면사무소→천안)",36.7982132,127.0610106,041-336-2253
681,다기능,"아산시 탕정면 탕정면로 탕정초등학교 앞(갈산리 526-6, 천안→탕정면사무소)",36.7982132,127.0610106,041-336-2253
682,과속,"보령시 청라면 죽성로 옥계초등학교 건너편(옥계리 329-3, 옥계1리회관→용두삼거리)",36.4109306,126.64474,041-336-2253
683,과속,"보령시 청라면 죽성로 옥계초등학교 앞(옥계리 329-3, 용두삼거리→옥계1리회관)",36.4109306,126.64474,041-336-2253
684,과속,"보령시 웅천읍 충서로 웅천초등학교 건너편(대천리 207, 웅천→무창포)",36.242309,126.590194,041-336-2253
685,구간,"경부고속도로 341.2km(천안 동남 안서동 324-32) 서울방향 1,2차로 시점",36.8340174,127.1744822,041-336-2253
686,구간,"경부고속도로 341.2km(천안 동남 안서동 324-32) 서울방향 3,4차로 시점",36.8340174,127.1744822,041-336-2253
687,구간,"경부고속도로 352.5km(천안 서북 입장면 가산리 433-1) 서울방향 1,2차로 종점",36.9343406,127.1893788,041-336-2253
688,구간,"경부고속도로 352.5km(천안 서북 입장면 가산리 433-1) 서울방향 3,4차로 종점",36.9343406,127.1893788,041-336-2253
689,다기능,"논산시 연산면 임리 36-1, 계백로 임리삼거리(논산→연산)",36.212231,127.1794849,041-336-2253
690,다기능,"논산시 연산면 천호리 296-1, 계백로 화악삼거리(논산→계룡)",36.2435376,127.2278057,041-336-2253
691,다기능,"논산시 취암동 13-8, 논산대로 공운삼거리(논산→대전)",36.1952336,127.1012111,041-336-2253
692,다기능,"논산시 은진면 교촌리 196-7, 득안대로 은진사거리(논산→연무)",36.1696531,127.1038164,041-336-2253
693,다기능,"논산시 내동 1099, 논산대로 내동사거리(취암4가→강산4가)",36.1903547,127.0926691,041-336-2253
694,다기능,"논산시 취암동 602-35, 중앙로 논산오거리(논산시청→논산대교)",36.2025356,127.0866631,041-336-2253
695,다기능,"논산시 취암동 산 21-15, 중앙로 취암사거리(논산시청→논산오거리)",36.1926877,127.0965637,041-336-2253
696,다기능,"논산시 강경읍 산양리 352-6, 강경로 산양사거리(논산→익산)",36.1504565,127.0092289,041-336-2253
697,다기능,"논산시 연무읍 신화리 574-3, 동안로 화정교차로(연무→강경)",36.1393126,127.0672507,041-336-2253
698,다기능,"논산시 연무읍 안심리 1125-41, 동안로 골든팰리스2차 앞 교차로(강경→연무로터리)",36.1360173,127.0970927,041-336-2253
699,다기능,"논산시 관촉로 기민중학교 앞 교차로(지산동 138-1, 논산역→관촉사)",36.198922,127.108632,041-336-2253
700,다기능,"논산시 관촉로 기민중학교 앞 교차로(지산동 862, 관촉사→논산역)",36.198922,127.108632,041-336-2253
701,다기능,"논산시 반월동 199-1, 계백로 덕지지하차도 교차로(덕지삼거리→버스터미널)",37.2322221,127.0524706,041-336-2253
702,과속,"논산시 대교동 319-38, 강변로 논산대교 코아루아파트 앞(덕지3가→대교4거리)",36.2103617,127.0826439,041-336-2253
703,과속,"논산시 대교동 282-1, 강변로 논산대교 코아루아파트 앞(논산대교남단→덕지3가)",36.2122995,127.0899836,041-336-2253
704,다기능,"서산시 성연면 일람리 750-1, 충의로 일람교차로(서산→대산)",36.7764277,126.4646522,041-336-2253
705,다기능,"서산시 성연면 일람리 821-7, 충의로 일람교차로(대산→서산)",36.8231101,126.4411408,041-336-2253
706,다기능,"서산시 중앙로 오성주유소 앞 교차로(석림동 947, 시청→서산의료원)",36.7747536,126.4635264,041-336-2253
707,다기능,"서산시 고운로 부춘초등학교 앞(읍내동 130, 시청→경찰서앞사거리)",36.7789897,126.4461192,041-336-2253
708,다기능,"서산시 고운로 부춘초등학교 건너편(읍내동 130, 경찰서앞사거리→시청)",36.7789897,126.4461192,041-336-2253
709,다기능,"서산시 중앙로 서산초등학교 건너편(동문동 915, 시청→서산의료원)",36.7801577,126.4551973,041-336-2253
710,과속,"서산시 중앙로 서산초등학교 앞(동문동 915, 서산의료원→시청)",36.7801577,126.4551973,041-336-2253
711,다기능,"서산시 예천3로 서산서남초등학교 앞(예천동 464-1, e편한세상@→효성헤링턴@)",36.7701102,126.4449572,041-336-2253
712,다기능,"서산시 예천3로 서산서남초등학교 앞(예천동 1336, 효성헤링턴@→e편한세상@)",36.7705403,126.4462068,041-336-2253
713,다기능,"서산시 고운로 서동초등학교 앞(잠홍동 769-1, 한라비발디사거리→애향삼거리)",36.7841543,126.4684517,041-336-2253
714,과속,서해안고속도로 184.8km 서울방향(보령시 남포면 양기리 663-8),36.2653273,126.5675183,041-336-2253
715,과속,서해안고속도로 목포기점 171.3km 서울방향(충남 서천군),36.0803312,126.6913277,041-336-2253
716,과속,서해안고속도로 189.7km 목포방향(보령시 남포면 소송리 215),36.3027825,126.5883692,041-336-2253
717,과속,서해안고속도로 242.3km 목포방향(서산시 해미면 삼송리 20-2),36.7511472,126.5678116,041-336-2253
718,과속,서해안고속도로 260.0km 서울방향(당진시 순성면 갈산리 산109-12),36.8668893,126.6699356,041-336-2253
719,다기능,"아산시 배방읍 북수리 319, 월천3길 월천유치원 정문 앞",36.7729706,127.0777796,041-336-2253
720,다기능,"아산시 배방읍 북수리 319, 월천3길 월천유치원 정문 건너편",36.7729706,127.0777796,041-336-2253
721,과속,"아산시 배방읍 북수리 1882, 월천3길 월천유치원 후문 앞",36.7727212,127.0770812,041-336-2253
722,다기능,"예산군 덕산면 대치리 15, 윤봉길로 대치1교차로(예산→해미)",36.6850805,126.6320829,041-336-2253
723,다기능,"예산군 삽교읍 예학로 보성초등학교 앞(목리 838, 하늘놀이공원→삽교읍주민지원센터)",36.6645545,126.6690405,041-336-2253
724,다기능,"예산군 삽교읍 예학로 도나우에듀파크1차@앞(목리838, 삽교읍주민지원센터→하늘놀이공원)",36.6878955,126.7393823,041-336-2253
725,과속,"예산군 덕산면 봉운로 덕산초등학교 앞(읍내리 348-4, 회전교차로→운산)",36.7061897,126.6692732,041-336-2253
726,과속,"예산군 신양면 청신로 죽천리 마을입구(만사리 507-44, 신양IC→청양)",36.5857469,126.856749,041-336-2253
727,다기능,"예산군 오가면 오가중앙로 오가초등학교 앞(역탑리 239-3, 역탑교차로→예산군청)",36.6874997,126.7940394,041-336-2253
728,과속,"예산군 광시면 동산리 산30-8, 예당로 685 앞(예산→청양)",36.5913672,126.7918564,041-336-2253
729,과속,"논산시 노성면 노성로 노성초등학교 앞(읍내리 301-1, 송당리→노성농협)",36.2763831,127.1231505,041-336-2253
730,다기능,"논산시 연산면 선비로 백석초등학교 앞(백석리 543-7, 연산→백석교회)",36.2487899,127.1780561,041-336-2253
731,다기능,"논산시 연산면 선비로 백석초등학교 건너편(백석리 543-7, 백석교회→연산)",36.2487899,127.1780561,041-336-2253
732,과속,"논산시 시민로 논산중앙초등학교 건너편(내동 1070, 동신@→논산대로)",36.1913028,127.0907647,041-336-2253
733,과속,"논산시 시민로 논산중앙초등학교 앞(내동 1070, 논산대로→동신@)",36.1913028,127.0907647,041-336-2253
734,과속,"논산시 상월면 선비로 대명초등학교 건너편(대촌리 352-1, 석종교→대촌마을회관)",36.2978454,127.1673187,041-336-2253
735,과속,"논산시 상월면 선비로 대명초등학교 앞(대촌리 352-1, 대촌마을회관→석종교)",36.2973383,127.166066,041-336-2253
736,다기능,"논산시 해월로 논산반월초등학교 건너편(반월동 148, 신한은행→한청리츠빌@)",36.2037018,127.0843418,041-336-2253
737,다기능,"논산시 해월로 논산반월초등학교 앞(반월동 148, 한청리츠빌@→신한은행)",36.2037018,127.0843418,041-336-2253
738,과속,"논산시 강경읍 계백로 184-2 강경중앙초등학교 건너편(중앙리, 논산경찰서→상강경교)",36.1593308,127.0197009,041-336-2253
739,과속,"논산시 강경읍 계백로 184-2 강경중앙초등학교 앞(중앙리, 상강경교→논산경찰서)",36.1593308,127.0197009,041-336-2253
740,과속,"논산시 시민로 398 논산부창초등학교 건너편(취암동, 논산공업고→논산오거리)",36.1999779,127.0876421,041-336-2253
741,과속,"논산시 시민로 398 논산부창초등학교 앞(취암동, 논산오거리→논산공업고)",36.1999779,127.0876421,041-336-2253
742,다기능,"논산시 중앙로 논산내동초등학교 앞(내동 162-1, 내동공원→삼성디지털프라자)",36.1860688,127.1040897,041-336-2253
743,다기능,"논산시 중앙로 논산내동초등학교 건너편(내동 162-1, 삼성디지털프라자→내동공원)",36.1860688,127.1040897,041-336-2253
744,다기능,"논산시 관촉로 논산동성초등학교 건너편(취암동 308-1, 교육지원청→관촉사거리)",36.2033198,127.0934747,041-336-2253
745,다기능,"논산시 관촉로 논산동성초등학교 앞(취암동 308-1, 관촉사거리→교육지원청)",36.2033198,127.0934747,041-336-2253
746,다기능,"논산시 은진면 원앙로 성덕초등학교 건너편(성덕리 222-4, 서포사거리, 성덕공원→두월리)",36.1762895,127.1293819,041-336-2253
747,다기능,"논산시 은진면 원앙로 성덕초등학교 앞(성덕리 222-4, 서포사거리, 두월리→성덕공원)",36.1762895,127.1293819,041-336-2253
748,과속,"태안군 이원면 원이로 이원초등학교 앞(포지리 67-1, 포지2리마을회관→당산1리마을회관)",36.8639693,126.273724,041-336-2253
749,과속,"태안군 이원면 원이로 이원초등학교 건너편(포지리 67-1, 당산1리마을회관→포지2리마을회관)",36.8697311,126.2794476,041-336-2253
750,과속,"태안군 남면 남면로 남면초등학교 앞(달산리 1174-2, 안면→남면파출소)",36.6729374,126.299782,041-336-2253
751,과속,"태안군 남면 남면로 남면초등학교 건너편(달산리 1174-2, 남면파출소→안면)",36.6729374,126.299782,041-336-2253
752,과속,"태안군 안면읍 장터로 안면초등학교 앞(승언리 855-12, 안면→태안)",36.5237161,126.3471521,041-336-2253
753,과속,"태안군 안면읍 장터로 안면초등학교 건너편(승언리 855-12, 태안→안면)",36.5237161,126.3471521,041-336-2253
754,다기능,"태안군 안면읍 꽃지해안로 방포초등학교 앞(승언리 3027-1, 하나마트→꽃지해수욕장)",36.5068195,126.3474762,041-336-2253
755,과속,"태안군 안면읍 꽃지해안로 방포초등학교 건너편(승언리 3027-1, 꽃지해수욕장→하나마트)",36.5068195,126.3474762,041-336-2253
756,과속,"태안군 안면읍 황도로 창기초등학교 앞(창기리 1806, 창기보건소→황도)",36.5715413,126.3268054,041-336-2253
757,과속,"태안군 안면읍 황도로 창기초등학교 건너편(창기리 1806, 황도→창기보건소)",36.5715413,126.3268054,041-336-2253
758,과속,"태안군 남면 마검포길 삼성초등학교 앞(신온리 374, 원청사거리→신온보건진료소)",36.621916,126.31156,041-336-2253
759,과속,"태안군 남면 마검포길 삼성초등학교 건너편(신온리 374, 신온보건진료소→원청사거리)",36.6206384,126.3101713,041-336-2253
760,과속,"태안군 원북면 원이로 원북초등학교 앞(반계리 222, 이원면→태안)",36.8254821,126.258183,041-336-2253
761,과속,"태안군 원북면 원이로 원북초등학교 건너편(반계리 222, 태안→이원면)",36.8254821,126.258183,041-336-2253
762,과속,"태안군 고남면 안면대로 고남초등학교 앞(고남리 1256, 원산도→안면)",36.4261635,126.4042228,041-336-2253
763,과속,"태안군 고남면 안면대로 고남초등학교 건너편(고남리 1256, 안면→원산도)",36.4261635,126.4042228,041-336-2253
764,다기능,"태안군 태안읍 백화로 태안초등학교 앞(남문리 300-89, 태안군체육관→태안여고)",36.7586214,126.2954746,041-336-2253
765,다기능,"태안군 태안읍 백화로 태안초등학교 건너편(남문리 300-67, 태안여고→태안군체육관)",36.7586214,126.2954746,041-336-2253
766,다기능,"태안군 태안읍 중앙로 화동초등학교 앞(평천리 700-12, 서산→태안)",36.7535186,126.3197214,041-336-2253
767,다기능,"태안군 태안읍 중앙로 화동초등학교 건너편(평천리 700-13, 태안→서산)",36.7531058,126.320989,041-336-2253
768,다기능,"태안군 태안읍 동평로 백화초등학교 앞(동문리 14-7, 태안군교육문화센터→코아루@)",36.755393,126.308939,041-336-2253
769,다기능,"태안군 태안읍 동평로 백화초등학교 건너편(동문리 14-7, 코아루@→태안군교육문화센터)",36.755393,126.308939,041-336-2253
770,과속,"태안군 태안읍 송의로 소원초등학교 의항분교 앞(의항리 336-235, 의항해수욕장→개목항)",36.8298812,126.1630385,041-336-2253
771,다기능,"태안군 소원면 모항파도로 모항초등학교 앞(모항리 289-5, 만리포→파도리)",36.7531808,126.1405712,041-336-2253
772,다기능,"태안군 소원면 모항파도로 모항초등학교 건너편(모항리 303-8, 파도리→만리포)",36.7531808,126.1405712,041-336-2253
773,과속,"태안군 근흥면 근흥로 근흥초등학교 앞(용신리 426-2, 근흥중→파출소)",36.7162087,126.2293433,041-336-2253
774,과속,"태안군 근흥면 근흥로 근흥초등학교 건너편(용신리 558-2, 파출소→근흥중)",36.7162087,126.2293433,041-336-2253
775,과속,"부여군 규암면 백제문로 백강초등학교 앞(오수리 229-1, 백제문화단지→규암면사무소)",36.2967563,126.8937288,041-336-2253
776,과속,"부여군 초촌면 선사로 초촌초등학교 앞(추양리 2-3, 송국리선사취락지→석성면행정복지센터)",36.2629439,127.0241119,041-336-2253
777,과속,"부여군 은산면 충의로 은산초등학교 앞(신대리 333, 장평면→은산면행정복지센터)",36.3138237,126.8544324,041-336-2253
778,과속,"부여군 세도면 세도로 세도초등학교 앞(청송리 443-2, 세도파출소→장암면)",36.1748665,126.9464912,041-336-2253
779,과속,"부여군 외산면 만수로 외산초등학교 앞(장항리 337-1, 외산면행정복지센터→청양)",36.3144255,126.7153127,041-336-2253
780,과속,"부여군 내산면 성충로 내산초등학교 앞(운치리 355-4, 외산면→내산면사무소)",36.2748271,126.7805239,041-336-2253
781,과속,"부여군 구룡면 흥수로 구룡초등학교 앞(태양리 463-5, 규암면→구룡삼거리)",36.2535247,126.8136601,041-336-2253
782,과속,"부여군 석성면 석성로 석성초등학교 앞(석성리 448-35, 강경읍→석성면)",36.2234758,126.9890885,041-336-2253
783,과속,"부여군 석성면 증산로 석양초등학교 앞(증산리 1278-11, 십자가사거리→석성중)",36.2540834,126.9987812,041-336-2253
784,과속,"부여군 부여읍 월함로 부여초등학교 앞(쌍북리 225-4, 동부농협사거리→부여여중)",36.2857372,126.9229623,041-336-2253
785,과속,"부여군 규암면 흥수로 합송초등학교 앞(합송리 800-2, 부여군청→충남농업기술원)",36.2659682,126.84574,041-336-2253
786,과속,"부여군 양화면 충절로 양화초등학교 앞(원당리 531-6, 서천→양화중)",36.1272888,126.8574009,041-336-2253
787,과속,"부여군 충화면 팔충로 충화초등학교 앞(천당리 481-1, 충화면행정복지센터→팔충사)",36.182332,126.8145158,041-336-2253
788,과속,"부여군 부여읍 삼충로 송간초등학교 앞(가증리 1, 부여→공주)",36.3074929,126.9575893,041-336-2253
789,과속,"부여군 남면 남성로 마정초등학교 앞(마정리 826-1, 남면행정복지센터→마정보건진료소)",36.2163676,126.8388806,041-336-2253
790,과속,"부여군 세도면 부흥로 세도영농회사 앞(귀덕리 602-2, 강경읍→세도면행정복지센터)",36.1629668,126.975812,041-336-2253
791,다기능,"계룡시 엄사면 엄사리 450-8, 계룡대로 연화교차로(용남고→계룡도서관)",36.2830326,127.2492614,041-336-2253
792,다기능,"계룡시 엄사면 엄사리 161-3, 계룡대로 평리사거리(연화교차로→용남고)",,,041-336-2253
793,다기능,"계룡시 엄사면 번영3길 엄사초등학교 앞(엄사리 563, 엄사면사무소→신도초)",36.2865521,127.237147,041-336-2253
794,과속,"계룡시 엄사면 번영3길 엄사초등학교 건너편(엄사리 563, 신도초→엄사면사무소)",36.2865521,127.237147,041-336-2253
795,과속,"계룡시 신도안면 신도안1길 용남초등학교 앞(남선리 1336, 용남초→신도안면사무소)",36.299129,127.2445298,041-336-2253
796,다기능,"계룡시 엄사면 체육로 신도초등학교 앞(엄사리 231-6, 삼진삼거리→계룡파라디아@)",36.2829388,127.2347401,041-336-2253
797,다기능,"계룡시 장안로 금암초등학교 앞(금암동 482, 시청→금암초)",36.2732088,127.2508124,041-336-2253
798,다기능,"천안시 서북구 성정동 1554, 동서대로 시민문화여성회관사거리(천안IC→아산)",36.8273454,127.136294,041-336-2253
799,과속,"천안시 동남구 풍세로 청수회전교차로 전(청수동 425, 청수호수공원 앞, 풍세→천안역)",36.7889549,127.1477892,041-336-2253
800,과속,"천안시 동남구 다가로 청수회전교차로 전(다가동 60-1, 동신주유소 맞은편, 천안역→풍세)",36.7889549,127.1477892,041-336-2253
801,과속,"보령시 주교면 은포리 896-3, 토정로 봉대산교차로 인근(송학1리마을회관→봉대산교차로)",36.3778018,126.53654,041-336-2253
802,다기능,"보령시 신흑동 2109, 대해로 호텔마스타대천 앞 네거리(됫박산교차로→해수욕장)",36.3090686,126.5231588,041-336-2253
803,과속,"보령시 해안로 이마트24 보령노을점 앞(남곡동 847-8, 보령터미널→대천항)",36.3454595,126.549828,041-336-2253
804,다기능,"예산군 대술면 차동로 산정휴게소 입구(산정리 129-1, 예산→유구)",36.6440343,126.8815043,041-336-2253
805,과속,천안시 동남구 광덕면 광덕로 행정초등학교 앞(대평리→천안농협),36.6868117,127.1570599,041-336-2253
806,과속,천안시 동남구 풍세면 용정길 용정초등학교 앞(용정초교→풍세),36.7448112,127.1015873,041-336-2253
807,다기능,천안시 동남구 신촌4로 천안신촌초등학교 앞(하신삼거리→신방중),36.7873959,127.1236057,041-336-2253
808,다기능,천안시 동남구 통정9로 천안새샘초등학교 앞(신방파출소→신방통정로),36.7709406,127.1310039,041-336-2253
809,다기능,천안시 동남구 풍세면 풍세2길 풍세초등학교 앞(풍서삼거리→풍세초교),36.7260561,127.1179959,041-336-2253
810,다기능,천안시 동남구 충절로 천안삼거리초등학교 앞(삼룡사거리→충절오거리),36.7893827,127.1637787,041-336-2253
811,다기능,천안시 동남구 버들1길 천안남산초등학교 앞(남산지구대→버들육거리),36.8046863,127.1539459,041-336-2253
812,다기능,천안시 동남구 영성로 천안중앙초등학교 앞(중앙초교→충무로),36.8053528,127.1489186,041-336-2253
813,다기능,천안시 동남구 중앙로 천안초등학교 앞(방죽안오거리→동남구청),36.8134629,127.151557,041-336-2253
814,다기능,천안시 동남구 청수로 천안청수초등학교 앞(구성초교→청수초교),36.7935346,127.1584104,041-336-2253
815,과속,천안시 동남구 성남면 신사대화로 신사초등학교 앞(성남우체국→성남면사무소),36.7424731,127.2379117,041-336-2253
816,다기능,천안시 동남구 새말1길 천안용곡초등학교 앞(수곡초→용곡중),36.7868174,127.1319804,041-336-2253
817,과속,천안시 동남구 터미널5길 천안신부초등학교 앞(신부제3교→천안대로),36.822573,127.160334,041-336-2253
818,과속,천안시 동남구 목천읍 삼성5길 천안부영초등학교 앞(부영1차→충청마트),36.7594803,127.1752716,041-336-2253
819,다기능,천안시 동남구 북면 용암3길 은석초등학교 앞(북면→목천),36.7882047,127.2574309,041-336-2253
820,다기능,천안시 동남구 병천면 병천2로 병천초등학교 앞(해경연구센터→병천119),36.7658602,127.3008217,041-336-2253
821,과속,"천안시 동남구 병천2로 병천초등학교 앞(병천리 123, 병천면행정복지센터→병천시장)",36.765916,127.302487,041-336-2253
822,다기능,천안시 동남구 수신면 수신로 수신초등학교 앞(병천→수신면사무소),36.7326695,127.2833243,041-336-2253
823,과속,천안시 동남구 북면 위례성로 위례초등학교 앞(북면복지센터→북면우체국),36.8245749,127.274517,041-336-2253
824,다기능,천안시 동남구 목천읍 서리1길 목천초등학교 앞(목천파출소→청소년수련원),36.7876605,127.2355025,041-336-2253
825,다기능,천안시 동남구 목천읍 충절로 신계초등학교 앞(천안의료원→충남평생교육원),36.7756191,127.1791683,041-336-2253
826,다기능,천안시 서북구 오성로 천안오성초등학교 앞(천안우체국→월드휘트니스),36.8315987,127.1304677,041-336-2253
827,다기능,천안시 서북구 봉정로 천안성정초등학교 앞(성정사거리→봉정사거리),36.8155458,127.1405024,041-336-2253
828,과속,천안시 서북구 쌍용6길 천안쌍용초등학교 앞(쌍용게이트볼구장→쌍용초사거리),36.8016289,127.1229342,041-336-2253
829,다기능,천안시 서북구 충무로 천안쌍정초등학교 앞(동양하이빌@101동→쌍용자이@101동),36.7869604,127.1149388,041-336-2253
830,다기능,천안시 서북구 봉서산로 천안불당초등학교 앞(불당고→대동다숲아파트107동),36.8056693,127.1115738,041-336-2253
831,다기능,천안시 서북구 직산읍 봉주로 삼은초등학교 앞(서북구청→직산사거리),36.8776997,127.1480947,041-336-2253
832,다기능,천안시 서북구 성성6로 천안성성초등학교 앞(천안레이크타운2차@→성성유치원),36.8404389,127.1361348,041-336-2253
833,다기능,천안시 서북구 한들3로 34-41 환서초등학교 앞(백석 더샵@→환서중),36.8285758,127.1223336,041-336-2253
834,과속,천안시 서북구 두정역서1길 천안두정초등학교 앞(화이트빌→마로랑카페),36.8363212,127.1469179,041-336-2253
835,과속,천안시 서북구 부성1길 천안부성초등학교 앞(성성중→두정로),36.8350989,127.1366689,041-336-2253
836,다기능,천안시 서북구 3공단6로 천안차암초등학교 앞(차암1교→e편한세상 101동),36.8443118,127.1060894,041-336-2253
837,다기능,천안시 서북구 성환읍 성환2리 성환초등학교 앞(성환터미널→성환읍행복복지센터),36.9183101,127.1323442,041-336-2253
838,다기능,천안시 서북구 성환읍 연암로 대홍초등학교 앞(GS경부에너지주유소→수향보건소),36.9492519,127.1472759,041-336-2253
839,과속,천안시 서북구 성환읍 연암로 도하초등학교 앞(성환농협→도하초교),36.9486135,127.1675517,041-336-2253
840,다기능,천안시 서북구 성환읍 신방로 신방초등학교 앞(왕림상회→신방주유소),36.9290867,127.08756,041-336-2253
841,과속,천안시 서북구 성거읍 성거길 성거초등학교 앞(성거우체국→천안드론교육원),36.872123,127.200551,041-336-2253
842,과속,천안시 동남구 미죽로 미죽초등학교 앞(미죽리 206-2),36.7387913,127.151685,041-336-2253
843,과속,천안시 동남구 동면 동산1길 천동초등학교 앞(동산리 604),36.7776301,127.3470681,041-336-2253
844,과속,천안시 동남구 신계5길 신흥초등학교 앞(신계리 106-8),36.7736356,127.2162185,041-336-2253
845,과속,천안시 서북구 성진로 양대초등학교 앞(하장리 23-13),36.9154143,127.225512,041-336-2253
846,과속,천안시 서북구 와룡길 신가초등학교 앞(신가리 386-47),36.9515808,127.1150801,041-336-2253
847,과속,천안시 서북구 하장4길 입장초등학교 앞(하장리 96-5),36.9136465,127.2200754,041-336-2253
848,다기능,"천안시 서북구 성환읍 성환1로 성신초등학교 인근(성환리 449-50, 매주리→성환리)",36.9159898,127.1287994,041-336-2253
849,과속,"천안시 서북구 미라2길 천안미라초등학교 앞(쌍용동 1270, 광명@→두산위브@)",36.8008807,127.1284485,041-336-2253
850,과속,천안시 동남구 신용로 천안일봉초등학교 앞(다가동 478),36.80005,127.1390757,041-336-2253
851,과속,천안시 서북구 봉명로 천안와촌초등학교 앞(와촌동 178),36.8062137,127.1445856,041-336-2253
852,다기능,천안시 서북구 수곡로 천안수곡초등학교 앞(쌍용동 2046-2),36.7903367,127.1229122,041-336-2253
853,다기능,천안시 서북구 월봉로 천안월봉초등학교 앞(쌍용동 1899),36.7984524,127.1183423,041-336-2253
854,과속,천안시 동남구 풍세로 천안청룡초등학교 건너편(용곡동 573),36.7811487,127.1396165,041-336-2253
855,과속,천안시 서북구 업성3길 천안업성초등학교 앞(업성동 99-10),36.8615402,127.1411956,041-336-2253
856,과속,천안시 동남구 봉명로 천안봉명초등학교 앞(봉명동 62-242),36.8053525,127.135031,041-336-2253
857,과속,천안시 동남구 단대로 천안희망초등학교 앞(신부동 298-94),36.8265716,127.153576,041-336-2253
858,다기능,천안시 서북구 성정두정로 천안신대초등학교 앞(두정동 1828),36.8375453,127.1428453,041-336-2253
859,과속,천안시 동남구 봉서4길 천안봉서초등학교 앞(봉명동 506),36.812514,127.132078,041-336-2253
860,과속,"천안시 동남구 남부대로 KCar 앞 1,2차로(신방동 808-9, 장재지하차도→신방지하차도)",36.7844957,127.1138457,041-336-2253
861,과속,"천안시 동남구 남부대로 KCar 앞 3,4차로(신방동 808-9, 장재지하차도→신방지하차도)",36.7844957,127.1138457,041-336-2253
862,과속,"천안시 동남구 구성동 22-21, 유량로 충남화물자동차 매매단지 앞",36.8023936,127.1675916,041-336-2253
863,다기능,"천안시 서북구 불당동 1446, 불당대로 갤러리아사거리",36.7999792,127.1245411,041-336-2253
864,과속,"천안시 동남구 유량로 유량자동차매매단지 앞(유량동 360-5, 고재사거리→비젼모터스)",36.8083815,127.1728501,041-336-2253
865,과속,"천안시 동남구 유량로 유량자동차매매단지 건너편(유량동 360-5, 비젼모터스→고재사거리)",36.8083815,127.1728501,041-336-2253
866,과속,"천안시 동남구 광덕면 광덕로 신흥교차로(신흥리 96-4, 매당리→행정리)",36.7024757,127.1140914,041-336-2253
867,다기능,"공주시 반포면 동학사1로 학봉초등학교 앞(학봉리 286-1, 동학사→공주)",36.3612138,127.2526707,041-336-2253
868,다기능,"공주시 하선길 공주교대부설초등학교 앞(금학동 231-1, 화선교차로→공주교대)",36.441244,127.1178404,041-336-2253
869,다기능,"공주시 봉황로 공주봉황초등학교 앞(봉황동 384-10, 공주사대부고→공주시청)",36.4496787,127.1209353,041-336-2253
870,다기능,"공주시 정안면 정안중앙길 정안초등학교 앞(내촌리 338, 공주→농공단지)",36.6022657,127.1170938,041-336-2253
871,다기능,"공주시 신관동 540-16, 신관초교차로(국민은행→신월초)",36.4745663,127.1393162,041-336-2253
872,다기능,"공주시 웅진로 공주중동초등학교 앞(중동 205-1, 중동교차로→공주시청)",36.4531138,127.1242019,041-336-2253
873,다기능,"공주시 유구읍 유구마곡사로 구산초등학교 앞(유구리 442-13, 유마교→유구IC)",36.5513246,126.9578328,041-336-2253
874,과속,"공주시 용당길 공주교동초등학교 앞(교동 41-19, 운동장→산성교)",36.4595345,127.1166805,041-336-2253
875,과속,"공주시 옥룡동 338-5, 무령로 옥룡교차로(중동교차로→옥룡동주민센터)",36.4560336,127.1337351,041-336-2253
876,다기능,"공주시 무령로 교동세무서 교차로(반죽동 351, 공주경찰서→중동교차로)",36.4564074,127.1215722,041-336-2253
877,다기능,공주시 산성동 120-8 웅진로 중동교차로(공주고→터미널),36.453611,127.1259369,041-336-2253
878,다기능,"공주시 신관동 438-4, 금벽로 중앙로 삼거리(청양→논산)",36.4683655,127.130801,041-336-2253
879,다기능,"공주시 우금티로 공주여고 앞(금학동 357-1, 화선교차로→금학교차로)",36.4412526,127.1191263,041-336-2253
880,과속,"공주시 왕릉로 공주중학교 앞(금성동 산6-14, 공주의료원→공산성)",36.4638067,127.1197929,041-336-2253
881,과속,"공주시 백제문화로 경일아파트 삼거리(웅진동 224-24, 부여→공주의료원)",36.4562907,127.1079028,041-336-2253
882,다기능,"공주시 번영1로 이솔아파트 사거리(신관동 24-48, 신월초교차로→터미널)",36.4741705,127.1439003,041-336-2253
883,다기능,"공주시 번영1로 공주신월초등학교 앞(신관동 1-32, 신월초교차로→신관초교차로)",36.473497,127.1490572,041-336-2253
884,다기능,"공주시 한적1길 신관초등학교 앞(신관동 666, 초대교회→신관초교차로)",36.4758255,127.1389776,041-336-2253
885,구간,"공주시 소학동 555-1(공주→논산) 1,2차로 시점",36.4475853,127.1496829,041-336-2253
886,구간,"공주시 계룡면 월곡리 383-3(공주→논산) 1,2차로 종점",36.3279122,127.1273616,041-336-2253
887,구간,"공주시 계룡면 월곡리 199-4(논산→공주) 1,2차로 시점",36.3269578,127.1281051,041-336-2253
888,구간,"공주시 소학동 452-1(논산→공주) 1,2차로 종점",36.4385811,127.1509343,041-336-2253
889,다기능,"당진시 송산면 유곡리 1321, 송산로 유곡1교차로(가곡1교차로→유곡2교차로)",36.9564097,126.6903477,041-336-2253
890,다기능,"당진시 석문면 초락도리 540-1, 북부산업로 도비도교차로(석문교차로→대호교)",37.0046902,126.4668954,041-336-2253
891,다기능,"당진시 합덕읍 성동리 415-1, 예당평야로 성동교차로(운산2교→연호대교)",36.7961069,126.7655778,041-336-2253
892,과속,"당진시 우강면 공포리 351, 신평로 공포리 인근(상포→공포리)",36.8472611,126.7944649,041-336-2253
893,과속,"당진시 우강면 공포리 351, 신평로 공포리 인근(공포리→상포)",36.8472611,126.7944649,041-336-2253
894,과속,"당진시 면천면 문봉리 870, 면천로 문봉리 입구(면천산업단지→면천저수지)",36.808106,126.700943,041-336-2253
895,과속,"당진시 면천면 문봉리 870, 면천로 문봉리 입구(면천저수지→면천산업단지)",36.808106,126.700943,041-336-2253
896,구간,"당진시 석문면 삼화리 1525, 1,2차로 시점",36.9670232,126.6156124,041-336-2253
897,구간,"당진시 송산면 가곡리 374-114, 1,2차로 종점",36.9783033,126.6808902,041-336-2253
898,과속,"금산군 제원면 금강로 봉황지구대 앞(제원초 인근, 제원리 152-26, 금산→영동)",36.1125267,127.5466215,041-336-2253
899,과속,"금산군 진산면 대둔산로 진산중학교 앞(읍내리 606, 금산→대둔산)",36.1453253,127.3711651,041-336-2253
900,과속,"금산군 복수면 복수로 신대초등학교 앞(신대리 917-1, 대전→금산)",36.2253106,127.3753405,041-336-2253
901,과속,"금산군 남일면 봉황로 남일초등학교 앞(초현리 308-2, 남일→금산)",36.0427069,127.5045444,041-336-2253
902,과속,"금산군 금산읍 진악로 금산유치원 정문 부근(아인리 57-2, 남이→금산)",36.1026247,127.4802946,041-336-2253
903,다기능,금산군 군북면 군북로 군북초등학교 앞(두두리 355-7),36.167601,127.5262048,041-336-2253
904,과속,금산군 추부면 군북로 성대초등학교 앞(신평리 917-37),36.2276273,127.5043239,041-336-2253
905,다기능,금산군 복수면 복수로 복수초등학교 앞(곡남리 178-1),36.1652362,127.3981988,041-336-2253
906,다기능,"금산군 추부면 대학로 염생이마을 앞 교차로(마전리 543-1, 금산→중부대학교)",36.1896944,127.4669237,041-336-2253
907,다기능,"금산군 금산읍 인삼로 금산경찰서 앞(신대리 655-21, 금산IC→금산시장)",36.1035475,127.5034163,041-336-2253
908,과속,"금산군 금산읍 인삼로 금산경찰서 건너편(신대리 654-3, 금산시장→금산IC)",36.1035475,127.5034163,041-336-2253
909,과속,"금산군 남이면 진악로 남이초등학교 앞(하금리 383-2, 금산→남이)",36.0503514,127.436683,041-336-2253
910,과속,"금산군 부리면 현내로 부리초등학교 앞(양곡리 699, 금산→무주)",36.0617601,127.5549664,041-336-2253
911,과속,"금산군 군북면 일흔이재로 용문초등학교 앞(내부리 335-3, 금산→군북)",36.1340618,127.5013665,041-336-2253
912,다기능,"당진시 송산면 유곡리 1321, 현대제철로 유곡1교차로",36.9564097,126.6903477,041-336-2253
913,다기능,"당진시 남부로 수청지구 중흥S클래스@ 앞(대덕동, LH 5단지→봉암근린공원)",36.895635,126.6507466,041-336-2253
914,다기능,"태안군 안면읍 안면대로 딴뚝사거리(승언리 3025-57, 태안→안면)",36.507221,126.34965,041-336-2253
915,과속,"태안군 안면읍 안면대로 정당2리 정류장 앞(정당리 1109-69, 태안→안면)",36.544807,126.355496,041-336-2253
916,다기능,"논산시 양촌면 황산벌로 반곡초등학교 건너편(반곡리 252-2, 연산→양촌)",36.1823888,127.2041941,041-336-2253
917,과속,"논산시 채운면 채운로 채운초등학교 앞(야화리 2-1, 채운면사무소→우기리)",36.1701487,127.067918,041-336-2253
918,다기능,"논산시 연산면 선비로 연산초등학교 앞(연산리 520-2, 계룡→연산)",36.2172009,127.2176276,041-336-2253
919,다기능,"논산시 양촌면 황산벌로 반곡초등학교 앞(반곡리 250-6, 양촌→연산)",36.1824012,127.2052356,041-336-2253
920,과속,"논산시 성동면 성동로 원봉초등학교 앞(정지리 93-3, 성동농협주유소→성동면사무소)",36.2128657,127.0603851,041-336-2253
921,다기능,"논산시 가야곡면 덕은로 가야곡초등학교 앞(강청리 산36-18, 국방대학교→가야곡초)",36.1449573,127.1696309,041-336-2253
922,과속,"논산시 상월면 백일헌로 상월초등학교 앞(산성리 57-2, 상월면사무소→노성우체국)",36.2928722,127.1419274,041-336-2253
923,다기능,"논산시 연무읍 연무로 연무중앙초등학교 앞(마산리 530-93, 연무사거리→마산사거리)",36.1308223,127.1029134,041-336-2253
924,과속,"논산시 벌곡면 수락로 도산초등학교 건너편(도산리 168-4, 행정2리노인회관→덕곡삼거리)",36.1624144,127.3161263,041-336-2253
925,과속,"논산시 부적면 충곡로 감곡초등학교 앞(감곡리 315-1, 감곡1리마을회관→외성삼거리)",36.2093073,127.1620443,041-336-2253
926,과속,"논산시 벌곡면 수락로 도산초등학교 앞(도산리 168-4, 덕곡삼거리→행정2리노인회관)",36.1624144,127.3161263,041-336-2253
927,과속,"논산시 연산면 청동로 청동초등학교 앞(청동리 544-4, 청동지하차도→청동초교)",36.2117113,127.1958699,041-336-2253
928,과속,"논산시 벌곡면 대둔로 벌곡초등학교 앞(한삼천리 230, 벌곡면사무소→계룡)",36.205955,127.2648681,041-336-2253
929,과속,"논산시 노성면 노성로 노성초등학교 앞(읍내리 302-8, 노성농협→소곡저수지)",36.2759612,127.1237529,041-336-2253
930,과속,"논산시 은진면 매죽헌로 은진초등학교 앞(연서리 264-1, 은진우체국→은진사거리)",36.1676457,127.1061188,041-336-2253
931,과속,"논산시 광석면 사계로 광석초등학교 앞(천동리 609-21, 광석면사무소→신당교차로)",36.2428362,127.0798015,041-336-2253
932,과속,"논산시 성동면 성동로 성동초등학교 앞(삼산리 176-7, 성동농협→성동우체국)",36.2004894,127.0322825,041-336-2253
933,다기능,"논산시 연무읍 연무로 구자곡초등학교 건너편(마산리 133-15, 연무→양지리)",36.1180742,127.123634,041-336-2253
934,다기능,"논산시 연무읍 연무로 구자곡초등학교 앞(마산리 133-15, 양지리→연무)",36.1180742,127.123634,041-336-2253
935,과속,"논산시 성동면 성동로 성동초등학교 건너편(삼산리 176-7, 성동우체국→성동농협)",36.2004894,127.0322825,041-336-2253
936,과속,"당진시 원당동 밤절로 원당초등학교 앞(원당동 1254-15, 터미널→원당초)",36.9024154,126.639243,041-336-2253
937,과속,당진시 송산면 상거중앙길 송산초등학교 앞(상거리 326-5),36.9320514,126.6799049,041-336-2253
938,과속,당진시 면천면 면천서문1길 면천초등학교 앞(성상리 980-2),36.8169336,126.6631277,041-336-2253
939,과속,당진시 순성면 덕평로 북창초등학교 앞(중방리 94-2),36.8492444,126.7637372,041-336-2253
940,과속,당진시 순성면 순성로 순성초등학교 앞(봉소리 71-2),36.8427572,126.7114321,041-336-2253
941,과속,당진시 합덕읍 상덕로 신촌초등학교 앞(대전리 475),36.7650772,126.7631397,041-336-2253
942,과속,당진시 송악읍 신평로 전대초등학교 앞(전대리 791-15),36.9091914,126.7503114,041-336-2253
943,과속,당진시 대호지면 4.4만세로 조금초등학교 앞(조금리 354-1),36.9011353,126.5000899,041-336-2253
944,과속,당진시 우강면 솔뫼로 우강초등학교 앞(송산리 150-6),36.8207994,126.7888625,041-336-2253
945,과속,당진시 사기소동 역천로 성당초등학교 앞(사기소동 837),36.836645,126.6044704,041-336-2253
946,다기능,당진시 읍내동 당진중앙2로 계성초등학교 앞(읍내동 735-11),36.8987977,126.6392876,041-336-2253
947,다기능,"당진시 채운동 대호만로 탑동초등학교 앞(채운동 513-8, 당진→석문)",36.8974166,126.6231445,041-336-2253
948,다기능,"당진시 읍내동 교동길 당진초등학교 앞(읍내동 167-3, 당진초→시장오거리)",36.8926235,126.6325693,041-336-2253
949,과속,당진시 합덕읍 덕평로 합덕초등학교 앞(운산리 3-17),36.8037817,126.7786597,041-336-2253
950,과속,"당진시 송악읍 송악로 상록초등학교 앞(부곡리 187-47, 상록초→송악초)",36.9589663,126.76909,041-336-2253
951,다기능,"당진시 송악읍 반촌로 기지초등학교 앞(기지시리 518, 송악→당진)",36.9030926,126.6936971,041-336-2253
952,다기능,"당진시 송악읍 반촌로 기지초등학교 건너편(기지시리 518, 당진→송악)",36.9030926,126.6936971,041-336-2253
953,다기능,"당진시 수청동 동부로 당진시청 앞(수청동 1133, 당진시청→하나로마트)",36.8896494,126.6460204,041-336-2253
954,다기능,"당진시 수청동 동부로 한라비발디@ 앞(수청동 600-20, 터미널→시청)",36.9021707,126.6473255,041-336-2253
955,다기능,"당진시 수청동 동부로 한라비발디@ 건너편(수청동 600-5, 시청→터미널)",36.9021707,126.6473255,041-336-2253
956,다기능,"서산시 서해로 TJB 사거리(석림동 751-4, 서중사거리→주공3단지후문)",36.7710494,126.4597798,041-336-2253
957,다기능,"서산시 서해로 TJB 사거리(석림동 751-4, 주공3단지후문→서중사거리)",36.7710494,126.4597798,041-336-2253
958,다기능,"서산시 서해로 서산중앙고등학교 입구(동문동 184-1, 애향삼거리→먹거리골사거리)",36.7786642,126.4678406,041-336-2253
959,다기능,"서산시 동문동 서해로 서산중앙고등학교 입구(동문동 184-1, 먹거리골사거리→애향삼거리)",36.7786642,126.4678406,041-336-2253
960,다기능,"서산시 안견로 롯데캐슬 앞(읍내동 776, 대산목삼거리→경찰서앞사거리)",36.7845096,126.4401266,041-336-2253
961,다기능,"서산시 안견로 롯데캐슬 앞(읍내동 776, 경찰서앞사거리→대산목삼거리)",36.7845096,126.4401266,041-336-2253
962,다기능,"서산시 대산읍 충의로 대산큐마트사거리(대산리 198-1, 서산→대산)",36.9385594,126.4328629,041-336-2253
963,다기능,"서산시 대산읍 충의로 대산큐마트사거리(대산리 1739, 대산→서산)",36.9379353,126.4339009,041-336-2253
964,다기능,서산시 지곡면 충의로 우창실업 삼거리(환성리 317-2 서산→대산),36.9067448,126.4453451,041-336-2253
965,과속,"서산시 서해로 LG헬로비전 앞(잠홍동 590-1, 애향삼거리→먹거리골사거리)",36.7859545,126.4763453,041-336-2253
966,과속,"서산시 인지면 충의로 갈산교차로(풍전리 산3-2, 서산→대산)",36.7836974,126.437071,041-336-2253
967,과속,"서산시 양열로 동서간선대로 예천교 인근(예천동 1216, 태안→서산)",36.7625837,126.4404932,041-336-2253
968,과속,"서산시 양열로 동서간선대로 예천교 인근(예천동 1026-14, 서산→태안)",36.7611734,126.4618682,041-336-2253
969,과속,서산시 대산읍 충의로 대산 왕국회관 앞 교차로(영탑리 산199-8 대산→서산),36.9167295,126.4425556,041-336-2253
970,과속,서산시 대산읍 충의로 대산 왕국회관 앞 교차로(영탑리 산199-8 서산→대산),36.9167295,126.4425556,041-336-2253
971,다기능,"서산시 동서1로 서림초등학교 앞(석림동 760-19, 통계청→센스빌@)",36.7687754,126.4605051,041-336-2253
972,다기능,"서산시 동서1로 서림초등학교 건너편(석림동 760-19, 센스빌@→통계청)",36.7687754,126.4605051,041-336-2253
973,과속,"논산시 노성면 장마루로 노성농협 인근(죽림리 338-46, 오강리교차로→장마루삼거리)",36.2980795,127.0782169,041-336-2253
974,다기능,"논산시 연무읍 동안로 연무여중 사거리(동산리 882-3, 연무로터리→동산교차로)",36.1329748,127.1031081,041-336-2253
975,과속,"부여군 부여읍 월함로 부여초등학교 앞(쌍북리 477, 부여여중→동부농협사거리)",36.2869674,126.9243624,041-336-2253
976,과속,"부여군 규암면 계백로 규암초등학교 앞(반산리 51-7, 휴엔하임@→부여군청)",36.2747921,126.8837573,041-336-2253
977,과속,"부여군 규암면 백제문로 백강초등학교 앞(오수리 208, 규암면사무소→백제문화단지)",36.2964931,126.890846,041-336-2253
978,과속,"부여군 부여읍 계백로 건양대 부여병원 앞(동남리 536-2, 규암면→부여군청)",36.275933,126.9015778,041-336-2253
979,과속,"부여군 부여읍 성왕로 대동농기계 앞(동남리 575-40, 농어촌공사부여지사→백강교차로)",36.2750052,126.9038903,041-336-2253
980,과속,"부여군 은산면 충의로 은산초등학교 앞(신대리 333, 은산면행정복지센터→장평면)",36.3138237,126.8544324,041-336-2253
981,다기능,"당진시 송악읍 북부산업로 송산교차로(고대리 193-7, 송악IC→석문면)",36.9795183,126.7111229,041-336-2253
982,다기능,"당진시 석문면 대호만로 삼화리 버스정류장 앞 교차로(삼화리 1296, 평장2교차로→장항리)",36.9682595,126.5844504,041-336-2253
983,과속,"당진시 신평면 서해로 거산타이어 앞(거산리 산 79-3, GS신평주유소→거산1리마을회관)",36.8865691,126.7403428,041-336-2253
984,과속,천안시 서북구 백석로(백석동 658-77) 운동장사거리(한들4가→아산음봉),36.8242772,127.113098,041-336-2253
985,과속,"천안시 서북구 서부16길 천안서초등학교 앞(성정동 644, 주공6단지→축구센터)",36.8235171,127.1396412,041-336-2253
986,다기능,"천안시 동남구 광덕면 세종로 구정사거리(행정리 40-22, 세종→천안)",36.6890195,127.1594516,041-336-2253
987,과속,"천안시 동남구 광덕면 광풍로 대흥경로당 앞(매당리 449-1, 풍세→광덕)",,,041-336-2253
988,다기능,"서산시 음암면 서해로 부장교차로(부장리 559-1, 태안→당진)",36.7860017,126.51522,041-336-2253
989,다기능,"서산시 음암면 서해로 부장교차로(부장리 559-1, 당진→태안)",36.7860017,126.51522,041-336-2253
990,다기능,아산시 인주면 서해로(공세리 159-6) 공세교차로(당진→둔포),36.8805689,126.9084344,041-336-2253
991,다기능,아산시 배방읍 이순신대로(장재리 730) 용연마을휴먼시아1단지 앞(천안→탕정),36.7919699,127.0905622,041-336-2253
992,다기능,"논산시 득안대로 강산사거리(강산동 685, 부창4가→은진)",36.1910908,127.0887247,041-336-2253
993,과속,"논산시 연산면 계백로 농협하나로마트 앞 교차로(한전리 115-4, 연산→부적)",36.2080066,127.1945766,041-336-2253
994,다기능,"공주시 우성면 차령로 목천교차로(목천리 8-2, 정안→의당)",36.5117583,127.1229924,041-336-2253
995,다기능,"공주시 반포면 금벽로 충남과학고3가(마암리 339-2, 대전→공주)",36.4260168,127.217748,041-336-2253
996,다기능,보령시 대해로(남곡동 425-2) 탑동교차로(시내→해수욕장),36.3336661,126.5650717,041-336-2253
997,과속,"보령시 한내로 대명중학교 앞(명천동 90-11, 성주→로터리)",36.3399184,126.6176696,041-336-2253
998,다기능,당진시 석문면 대호만로(통정리 566-3) 통정2교차로(고대→석문),36.9874602,126.585728,041-336-2253
999,다기능,홍성군 홍북읍 의향로(신경리 1916) 한울공원사거리(두레마을4가→한울마을),36.650382,126.679888,041-336-2253
1000,다기능,"예산군 응봉면 충서로 응봉교차로(노화리 28-10, 예산→홍성)",36.6585831,126.7665681,041-336-2253
1001,과속,"예산군 삽교읍 윤봉길로 안치IC교(안치리 113-7, 삽교→덕산)",36.6911067,126.6936758,041-336-2253
